Unnamed: 0,u,i,ts,label,idx
1151,243,8412,32177.0,0.0,1152
1571,324,8412,44810.0,0.0,1572
1575,325,8412,44940.0,0.0,1576
1596,331,8412,45449.0,0.0,1597
1601,332,8412,45592.0,0.0,1602
1837,332,8412,51598.0,0.0,1838
2223,427,8412,60270.0,0.0,2224
2244,433,8412,60770.0,0.0,2245
2322,453,8412,62727.0,0.0,2323
2350,463,8412,63326.0,0.0,2351
2354,463,8412,63361.0,0.0,2355
2373,469,8412,63741.0,0.0,2374
2388,470,8412,63984.0,0.0,2389
2438,488,8412,65417.0,0.0,2439
2448,490,8412,65693.0,0.0,2449
2452,490,8412,65719.0,0.0,2453
2533,243,8412,67857.0,0.0,2534
2668,535,8412,70912.0,0.0,2669
2713,535,8412,71752.0,0.0,2714
2865,571,8412,74527.0,0.0,2866
2956,494,8412,76034.0,0.0,2957
2970,585,8412,76358.0,0.0,2971
2972,571,8412,76411.0,0.0,2973
2998,571,8412,76962.0,0.0,2999
3065,535,8412,78128.0,0.0,3066
3066,535,8412,78164.0,0.0,3067
3081,120,8412,78389.0,0.0,3082
3099,497,8412,78878.0,0.0,3100
3414,571,8412,84267.0,0.0,3415
3620,659,8412,89703.0,0.0,3621
3623,191,8412,89763.0,0.0,3624
3689,571,8412,91915.0,0.0,3690
3700,676,8412,92375.0,0.0,3701
3848,699,8412,98412.0,0.0,3849
3991,37,8412,102086.0,0.0,3992
4042,725,8412,103002.0,0.0,4043
4059,725,8412,103518.0,0.0,4060
4064,320,8412,103654.0,0.0,4065
4394,571,8412,111237.0,0.0,4395
4697,801,8412,118419.0,0.0,4698
4809,676,8412,121376.0,0.0,4810
4823,818,8412,121799.0,0.0,4824
4830,818,8412,121941.0,0.0,4831
4837,676,8412,122216.0,0.0,4838
4861,37,8412,123587.0,0.0,4862
4880,37,8412,124311.0,0.0,4881
5114,331,8412,129988.0,0.0,5115
5213,286,8412,132632.0,0.0,5214
5240,676,8412,133283.0,0.0,5241
5293,871,8412,135193.0,0.0,5294
5703,463,8412,143926.0,0.0,5704
5720,463,8412,144222.0,0.0,5721
5774,919,8412,145129.0,0.0,5775
5869,928,8412,146328.0,0.0,5870
5873,928,8412,146375.0,0.0,5874
5884,571,8412,146556.0,0.0,5885
5895,571,8412,146906.0,0.0,5896
5903,934,8412,146982.0,0.0,5904
5919,571,8412,147337.0,0.0,5920
5959,919,8412,148239.0,0.0,5960
5967,913,8412,148365.0,0.0,5968
5969,919,8412,148397.0,0.0,5970
5973,18,8412,148451.0,0.0,5974
5975,919,8412,148481.0,0.0,5976
6068,571,8412,149954.0,0.0,6069
6102,954,8412,150510.0,0.0,6103
6113,18,8412,150750.0,0.0,6114
6144,966,8412,151321.0,0.0,6145
6298,982,8412,153625.0,0.0,6299
6378,430,8412,154358.0,0.0,6379
6383,982,8412,154422.0,0.0,6384
6543,564,8412,157316.0,0.0,6544
6775,385,8412,162157.0,0.0,6776
6808,982,8412,162771.0,0.0,6809
6869,982,8412,164422.0,0.0,6870
7019,982,8412,166840.0,0.0,7020
7074,1071,8412,167811.0,0.0,7075
7097,463,8412,168148.0,0.0,7098
7378,37,8412,172443.0,0.0,7379
7382,37,8412,172471.0,0.0,7383
7474,540,8412,174075.0,0.0,7475
7660,676,8412,177343.0,0.0,7661
7708,676,8412,178388.0,0.0,7709
7735,571,8412,179170.0,0.0,7736
7998,1144,8412,186110.0,0.0,7999
8001,18,8412,186170.0,0.0,8002
8007,1008,8412,186302.0,0.0,8008
8123,919,8412,190007.0,0.0,8124
8133,699,8412,190317.0,0.0,8134
8139,37,8412,190489.0,0.0,8140
8164,919,8412,191095.0,0.0,8165
8266,676,8412,193543.0,0.0,8267
8513,191,8412,199359.0,0.0,8514
8742,430,8412,206027.0,0.0,8743
8754,430,8412,206339.0,0.0,8755
8852,676,8412,208926.0,0.0,8853
8864,676,8412,209260.0,0.0,8865
9009,37,8412,212498.0,0.0,9010
9016,37,8412,212579.0,0.0,9017
9037,919,8412,213289.0,0.0,9038
9066,919,8412,214053.0,0.0,9067
9155,919,8412,216184.0,0.0,9156
9189,37,8412,216804.0,0.0,9190
9272,919,8412,218222.0,0.0,9273
9361,919,8412,219570.0,0.0,9362
9406,243,8412,220181.0,0.0,9407
9575,1295,8412,223645.0,0.0,9576
9657,243,8412,225319.0,0.0,9658
10124,1008,8412,234415.0,0.0,10125
10137,1340,8412,234618.0,0.0,10138
10234,1008,8412,236425.0,0.0,10235
10361,1358,8412,238595.0,0.0,10362
10541,1380,8412,241188.0,0.0,10542
10608,320,8412,241908.0,0.0,10609
10623,320,8412,241994.0,0.0,10624
10688,320,8412,243046.0,0.0,10689
10692,320,8412,243119.0,0.0,10693
11014,582,8412,248304.0,0.0,11015
11025,582,8412,248447.0,0.0,11026
11186,1434,8412,250644.0,0.0,11187
11187,18,8412,250645.0,0.0,11188
11188,1434,8412,250674.0,1.0,11189
11193,191,8412,250713.0,0.0,11194
11749,37,8412,258208.0,0.0,11750
11830,1467,8412,259672.0,0.0,11831
11896,676,8412,260359.0,0.0,11897
11911,37,8412,260507.0,0.0,11912
11920,535,8412,260615.0,0.0,11921
11924,535,8412,260637.0,0.0,11925
11986,1476,8412,261202.0,0.0,11987
12056,535,8412,262105.0,0.0,12057
12134,69,8412,263314.0,0.0,12135
12303,636,8412,266375.0,0.0,12304
12518,1520,8412,270950.0,0.0,12519
12520,1520,8412,270973.0,0.0,12521
12549,37,8412,271569.0,0.0,12550
12891,659,8412,277954.0,0.0,12892
13463,37,8412,288695.0,0.0,13464
13565,243,8412,290964.0,0.0,13566
13609,1596,8412,291948.0,0.0,13610
13617,37,8412,292195.0,0.0,13618
13643,430,8412,292914.0,0.0,13644
13732,1610,8412,294804.0,0.0,13733
13738,1610,8412,294835.0,0.0,13739
13751,676,8412,295122.0,0.0,13752
13804,676,8412,296113.0,0.0,13805
13943,430,8412,299986.0,0.0,13944
14023,18,8412,302573.0,0.0,14024
14037,982,8412,303137.0,0.0,14038
14488,243,8412,313865.0,0.0,14489
14491,1675,8412,313953.0,0.0,14492
14536,1680,8412,315236.0,0.0,14537
14561,954,8412,315836.0,0.0,14562
14564,320,8412,316022.0,0.0,14565
14567,320,8412,316035.0,0.0,14568
14573,18,8412,316136.0,0.0,14574
14581,1686,8412,316287.0,0.0,14582
14595,1690,8412,316646.0,0.0,14596
14727,982,8412,319063.0,0.0,14728
14744,1703,8412,319504.0,0.0,14745
14751,982,8412,319723.0,0.0,14752
14752,982,8412,319735.0,0.0,14753
14759,982,8412,319942.0,0.0,14760
14765,982,8412,320030.0,0.0,14766
14817,243,8412,320782.0,0.0,14818
15276,320,8412,328267.0,0.0,15277
15393,1763,8412,329777.0,0.0,15394
15559,535,8412,332294.0,0.0,15560
15832,191,8412,336446.0,0.0,15833
16099,535,8412,339534.0,0.0,16100
16106,535,8412,339620.0,0.0,16107
16116,320,8412,339754.0,0.0,16117
16152,82,8412,340201.0,0.0,16153
16203,535,8412,340911.0,0.0,16204
16212,1763,8412,341038.0,0.0,16213
16222,535,8412,341247.0,0.0,16223
16225,535,8412,341288.0,0.0,16226
16438,37,8412,345167.0,0.0,16439
16559,571,8412,346940.0,0.0,16560
16613,18,8412,347927.0,0.0,16614
16625,585,8412,348097.0,0.0,16626
16843,982,8412,353112.0,0.0,16844
16879,1888,8412,353875.0,0.0,16880
16882,1888,8412,353903.0,0.0,16883
16886,1888,8412,353954.0,0.0,16887
16905,982,8412,354407.0,0.0,16906
16945,1893,8412,355000.0,0.0,16946
17086,1911,8412,357896.0,0.0,17087
17089,1911,8412,357913.0,0.0,17090
17091,1911,8412,357951.0,0.0,17092
17129,676,8412,358529.0,0.0,17130
17141,676,8412,358856.0,0.0,17142
17322,982,8412,362674.0,0.0,17323
17421,982,8412,364864.0,0.0,17422
17428,494,8412,364990.0,0.0,17429
17435,494,8412,365092.0,0.0,17436
17437,494,8412,365124.0,0.0,17438
17443,494,8412,365208.0,0.0,17444
17450,494,8412,365347.0,0.0,17451
17451,1933,8412,365347.0,0.0,17452
17453,982,8412,365385.0,0.0,17454
17456,494,8412,365464.0,0.0,17457
17486,676,8412,366318.0,0.0,17487
17512,982,8412,366779.0,0.0,17513
17874,433,8412,374860.0,0.0,17875
17964,1221,8412,377031.0,0.0,17965
18106,676,8412,380711.0,0.0,18107
18137,1611,8412,381190.0,0.0,18138
18141,430,8412,381309.0,0.0,18142
18160,37,8412,381912.0,0.0,18161
18251,676,8412,384059.0,0.0,18252
18340,18,8412,386921.0,0.0,18341
18354,1990,8412,387130.0,0.0,18355
18452,1278,8412,388982.0,0.0,18453
18454,1278,8412,389005.0,0.0,18455
18563,320,8412,391894.0,0.0,18564
18598,430,8412,393065.0,0.0,18599
18683,243,8412,394961.0,0.0,18684
19359,2074,8412,405765.0,0.0,19360
19362,2074,8412,405786.0,0.0,19363
19381,320,8412,405929.0,0.0,19382
19551,982,8412,407943.0,0.0,19552
19573,982,8412,408081.0,0.0,19574
19655,982,8412,409031.0,0.0,19656
19693,982,8412,409810.0,0.0,19694
20118,320,8412,416512.0,0.0,20119
20264,645,8412,418771.0,0.0,20265
20269,645,8412,418804.0,0.0,20270
20307,320,8412,419410.0,0.0,20308
20350,2145,8412,420075.0,0.0,20351
20527,2116,8412,423267.0,0.0,20528
20817,37,8412,428556.0,0.0,20818
20823,37,8412,428760.0,0.0,20824
20852,982,8412,429354.0,0.0,20853
21238,982,8412,437549.0,0.0,21239
21308,2218,8412,438953.0,0.0,21309
21494,982,8412,442577.0,0.0,21495
21506,982,8412,442790.0,0.0,21507
21537,919,8412,443337.0,0.0,21538
21825,636,8412,448131.0,0.0,21826
21965,497,8412,450974.0,0.0,21966
22013,37,8412,451752.0,0.0,22014
22041,2253,8412,452193.0,0.0,22042
22187,1919,8412,454604.0,0.0,22188
22529,1221,8412,460981.0,0.0,22530
22536,1221,8412,461040.0,0.0,22537
22594,1221,8412,461762.0,0.0,22595
22821,430,8412,466078.0,0.0,22822
22876,676,8412,467399.0,0.0,22877
22987,2292,8412,469743.0,0.0,22988
23096,2092,8412,472806.0,0.0,23097
23262,2116,8412,475721.0,0.0,23263
23343,676,8412,477186.0,0.0,23344
23497,1794,8412,479801.0,0.0,23498
23560,2328,8412,480688.0,0.0,23561
23648,676,8412,481653.0,0.0,23649
23717,2336,8412,482528.0,0.0,23718
24102,2074,8412,488678.0,0.0,24103
24230,2379,8412,490628.0,0.0,24231
24236,2379,8412,490690.0,0.0,24237
24382,2074,8412,492528.0,0.0,24383
24395,485,8412,492749.0,0.0,24396
24437,871,8412,493387.0,0.0,24438
25050,982,8412,502341.0,0.0,25051
25067,982,8412,502522.0,0.0,25068
25074,982,8412,502624.0,0.0,25075
25163,982,8412,503752.0,0.0,25164
25364,2379,8412,507484.0,0.0,25365
25426,2474,8412,508323.0,0.0,25427
25616,430,8412,511441.0,0.0,25617
25818,982,8412,514561.0,0.0,25819
25820,982,8412,514601.0,0.0,25821
26019,320,8412,517387.0,0.0,26020
26048,982,8412,517781.0,0.0,26049
26255,982,8412,520853.0,0.0,26256
26284,919,8412,521296.0,0.0,26285
26436,1340,8412,522986.0,0.0,26437
26461,2542,8412,523166.0,0.0,26462
26533,2542,8412,524268.0,0.0,26534
26741,676,8412,528333.0,0.0,26742
26759,982,8412,528627.0,0.0,26760
26857,540,8412,530289.0,0.0,26858
26873,676,8412,530577.0,0.0,26874
26882,982,8412,530877.0,0.0,26883
26991,676,8412,532528.0,0.0,26992
27070,320,8412,533795.0,0.0,27071
27071,320,8412,533836.0,0.0,27072
27146,2602,8412,535518.0,0.0,27147
27593,982,8412,541732.0,0.0,27594
27610,982,8412,541977.0,0.0,27611
28178,982,8412,552702.0,0.0,28179
28180,982,8412,552723.0,0.0,28181
28230,2655,8412,553989.0,0.0,28231
28246,982,8412,554260.0,0.0,28247
28274,430,8412,554811.0,0.0,28275
28317,982,8412,555935.0,0.0,28318
28338,982,8412,556368.0,0.0,28339
28382,676,8412,557437.0,0.0,28383
28405,676,8412,557829.0,0.0,28406
28409,919,8412,557882.0,0.0,28410
28474,982,8412,559003.0,0.0,28475
28862,2474,8412,566521.0,0.0,28863
28952,243,8412,567928.0,0.0,28953
29081,2116,8412,570234.0,0.0,29082
29150,2092,8412,571310.0,0.0,29151
29258,2717,8412,572699.0,0.0,29259
29259,2718,8412,572701.0,0.0,29260
29304,320,8412,573218.0,0.0,29305
29512,430,8412,576066.0,0.0,29513
29592,2116,8412,576933.0,0.0,29593
29964,320,8412,581583.0,0.0,29965
30082,2775,8412,583649.0,0.0,30083
30086,2775,8412,583690.0,0.0,30087
30129,320,8412,584387.0,0.0,30130
30161,2775,8412,584875.0,0.0,30162
30164,320,8412,584898.0,0.0,30165
30190,982,8412,585268.0,0.0,30191
30247,982,8412,586014.0,0.0,30248
30258,1898,8412,586231.0,0.0,30259
30272,2775,8412,586463.0,0.0,30273
30307,982,8412,586892.0,0.0,30308
30311,982,8412,586927.0,0.0,30312
30366,2253,8412,587657.0,0.0,30367
30387,320,8412,587902.0,0.0,30388
30433,2796,8412,588485.0,0.0,30434
30457,320,8412,588874.0,0.0,30458
30466,954,8412,588952.0,0.0,30467
30540,982,8412,590104.0,0.0,30541
30638,2809,8412,591311.0,0.0,30639
30654,982,8412,591478.0,0.0,30655
30700,540,8412,591822.0,0.0,30701
30703,2815,8412,591888.0,0.0,30704
30708,2815,8412,591912.0,0.0,30709
30786,2116,8412,592672.0,0.0,30787
30915,982,8412,593873.0,0.0,30916
30942,2831,8412,594306.0,0.0,30943
30948,769,8412,594355.0,0.0,30949
30952,769,8412,594371.0,0.0,30953
30973,769,8412,594672.0,0.0,30974
30982,769,8412,594794.0,0.0,30983
31002,582,8412,595021.0,0.0,31003
31005,120,8412,595040.0,0.0,31006
31176,582,8412,597152.0,0.0,31177
31337,659,8412,599040.0,0.0,31338
31416,430,8412,600409.0,0.0,31417
31424,2867,8412,600517.0,0.0,31425
31478,87,8412,601267.0,0.0,31479
31552,1893,8412,602203.0,0.0,31553
31559,2874,8412,602383.0,0.0,31560
31654,535,8412,603970.0,0.0,31655
31656,535,8412,604007.0,0.0,31657
31720,535,8412,605132.0,0.0,31721
31813,2116,8412,607396.0,0.0,31814
31816,324,8412,607438.0,0.0,31817
31817,324,8412,607457.0,0.0,31818
31845,2116,8412,608217.0,0.0,31846
31846,2116,8412,608242.0,0.0,31847
31903,2908,8412,609459.0,0.0,31904
31933,2912,8412,610259.0,0.0,31934
31949,2912,8412,610530.0,0.0,31950
31961,982,8412,610960.0,0.0,31962
31965,982,8412,611076.0,0.0,31966
32211,571,8412,615733.0,0.0,32212
32302,571,8412,616913.0,0.0,32303
32310,221,8412,617136.0,0.0,32311
32317,221,8412,617208.0,0.0,32318
32506,982,8412,620209.0,0.0,32507
32511,982,8412,620299.0,0.0,32512
32521,982,8412,620421.0,0.0,32522
32596,320,8412,621652.0,0.0,32597
32666,2973,8412,622999.0,0.0,32667
32722,2973,8412,623791.0,0.0,32723
32860,37,8412,625551.0,0.0,32861
33027,433,8412,628924.0,0.0,33028
33053,982,8412,629332.0,0.0,33054
33249,919,8412,633205.0,0.0,33250
33252,3005,8412,633244.0,0.0,33253
33257,3005,8412,633318.0,0.0,33258
33309,919,8412,634367.0,0.0,33310
33375,1919,8412,635680.0,0.0,33376
33391,1919,8412,636222.0,0.0,33392
33397,2718,8412,636332.0,0.0,33398
33524,37,8412,638693.0,0.0,33525
33565,430,8412,639532.0,0.0,33566
33619,919,8412,640948.0,0.0,33620
33620,488,8412,640966.0,0.0,33621
33677,3032,8412,642550.0,0.0,33678
33716,676,8412,643426.0,0.0,33717
33872,676,8412,646528.0,0.0,33873
33878,954,8412,646606.0,0.0,33879
34138,659,8412,650593.0,0.0,34139
34142,320,8412,650660.0,0.0,34143
34445,676,8412,655288.0,0.0,34446
34454,320,8412,655424.0,0.0,34455
34584,2815,8412,657341.0,0.0,34585
34685,320,8412,658617.0,0.0,34686
34800,320,8412,659896.0,0.0,34801
34806,320,8412,659924.0,0.0,34807
35268,2116,8412,666514.0,0.0,35269
35388,2074,8412,667989.0,0.0,35389
35804,2116,8412,673157.0,0.0,35805
35934,3138,8412,675088.0,0.0,35935
36039,3148,8412,676523.0,0.0,36040
36290,120,8412,679027.0,0.0,36291
36810,571,8412,684906.0,0.0,36811
36813,571,8412,684940.0,0.0,36814
36890,982,8412,685914.0,0.0,36891
37195,982,8412,689417.0,0.0,37196
37224,982,8412,689756.0,0.0,37225
37228,982,8412,689786.0,0.0,37229
37390,571,8412,692031.0,0.0,37391
37430,37,8412,692467.0,0.0,37431
37433,37,8412,692546.0,0.0,37434
37435,37,8412,692574.0,0.0,37436
37512,919,8412,693594.0,0.0,37513
37626,1295,8412,694969.0,0.0,37627
37636,659,8412,695077.0,0.0,37637
37776,676,8412,697055.0,0.0,37777
37813,324,8412,697576.0,0.0,37814
37817,324,8412,697603.0,0.0,37818
37860,37,8412,698288.0,0.0,37861
38112,2253,8412,702482.0,0.0,38113
38118,2253,8412,702606.0,0.0,38119
38194,535,8412,704244.0,0.0,38195
38198,535,8412,704316.0,0.0,38199
38253,535,8412,705323.0,0.0,38254
38266,535,8412,705574.0,0.0,38267
38297,463,8412,706539.0,0.0,38298
38608,324,8412,711621.0,0.0,38609
38615,324,8412,711724.0,0.0,38616
38628,324,8412,711951.0,0.0,38629
38714,2099,8412,713107.0,0.0,38715
38717,2099,8412,713126.0,0.0,38718
38860,919,8412,716152.0,0.0,38861
39062,37,8412,720759.0,0.0,39063
39125,919,8412,721854.0,0.0,39126
39198,982,8412,723584.0,0.0,39199
39208,982,8412,723937.0,0.0,39209
39235,919,8412,724530.0,0.0,39236
39336,919,8412,727050.0,0.0,39337
39474,430,8412,729400.0,0.0,39475
39499,430,8412,729839.0,0.0,39500
39505,919,8412,729968.0,0.0,39506
39514,430,8412,730104.0,0.0,39515
39539,676,8412,730501.0,0.0,39540
39540,430,8412,730503.0,0.0,39541
39560,430,8412,730949.0,0.0,39561
39581,919,8412,731381.0,0.0,39582
39597,676,8412,731707.0,0.0,39598
39598,919,8412,731753.0,0.0,39599
39646,37,8412,732870.0,0.0,39647
39842,2908,8412,736448.0,0.0,39843
39851,2908,8412,736640.0,0.0,39852
39980,2116,8412,739291.0,0.0,39981
40037,676,8412,740704.0,0.0,40038
40366,485,8412,746877.0,0.0,40367
40557,3394,8412,750286.0,0.0,40558
40686,1221,8412,752063.0,0.0,40687
40698,1221,8412,752179.0,0.0,40699
40708,1221,8412,752276.0,0.0,40709
40717,1221,8412,752354.0,0.0,40718
40732,1221,8412,752520.0,0.0,40733
40743,2253,8412,752763.0,0.0,40744
40745,1221,8412,752778.0,0.0,40746
40746,2253,8412,752785.0,0.0,40747
40748,1221,8412,752807.0,0.0,40749
40752,2253,8412,752860.0,0.0,40753
40760,320,8412,752910.0,0.0,40761
40762,2253,8412,752940.0,0.0,40763
40778,2908,8412,753085.0,0.0,40779
40782,871,8412,753123.0,0.0,40783
40786,2358,8412,753159.0,0.0,40787
40792,1221,8412,753194.0,0.0,40793
40803,2908,8412,753326.0,0.0,40804
40844,1893,8412,753683.0,0.0,40845
40908,1221,8412,754459.0,0.0,40909
40912,1221,8412,754536.0,0.0,40913
40914,1221,8412,754561.0,0.0,40915
40931,3422,8412,754801.0,0.0,40932
40944,3422,8412,754952.0,0.0,40945
41037,1221,8412,756726.0,0.0,41038
41055,1221,8412,757307.0,0.0,41056
41064,1221,8412,757472.0,0.0,41065
41156,243,8412,758769.0,0.0,41157
41161,320,8412,758832.0,0.0,41162
41348,2145,8412,761369.0,0.0,41349
41514,1221,8412,763791.0,0.0,41515
41519,1221,8412,763868.0,0.0,41520
41621,2253,8412,765178.0,0.0,41622
41625,2253,8412,765198.0,0.0,41626
41727,535,8412,766513.0,0.0,41728
41896,2145,8412,768522.0,0.0,41897
42070,582,8412,771017.0,0.0,42071
42162,2831,8412,772445.0,0.0,42163
42203,3487,8412,773099.0,0.0,42204
42207,3487,8412,773197.0,0.0,42208
42231,982,8412,773668.0,0.0,42232
42268,2145,8412,774242.0,0.0,42269
42325,982,8412,775126.0,0.0,42326
42720,982,8412,782287.0,0.0,42721
42730,37,8412,782456.0,0.0,42731
42734,37,8412,782505.0,0.0,42735
42737,37,8412,782631.0,0.0,42738
42739,37,8412,782677.0,0.0,42740
42740,636,8412,782689.0,0.0,42741
42748,636,8412,782858.0,0.0,42749
42944,919,8412,785664.0,0.0,42945
42982,919,8412,786303.0,0.0,42983
44279,919,8412,807745.0,0.0,44280
44333,919,8412,808546.0,0.0,44334
44507,430,8412,811013.0,0.0,44508
44533,430,8412,811463.0,0.0,44534
44547,919,8412,811647.0,0.0,44548
44583,676,8412,812378.0,0.0,44584
44590,676,8412,812595.0,0.0,44591
44681,2379,8412,815696.0,0.0,44682
44687,430,8412,815881.0,0.0,44688
44862,2437,8412,820231.0,0.0,44863
44961,494,8412,822600.0,0.0,44962
45212,919,8412,827005.0,0.0,45213
45272,919,8412,828222.0,0.0,45273
45273,919,8412,828254.0,0.0,45274
45288,325,8412,828483.0,0.0,45289
45662,982,8412,835012.0,0.0,45663
45665,982,8412,835057.0,0.0,45666
45726,320,8412,835861.0,0.0,45727
45740,982,8412,836062.0,0.0,45741
45967,982,8412,838630.0,0.0,45968
46048,3663,8412,839625.0,0.0,46049
46074,3032,8412,839932.0,0.0,46075
46426,420,8412,843828.0,0.0,46427
46427,3677,8412,843848.0,0.0,46428
46718,320,8412,848134.0,0.0,46719
46732,871,8412,848292.0,0.0,46733
46889,2867,8412,850752.0,0.0,46890
46999,982,8412,852238.0,0.0,47000
47048,2099,8412,852921.0,0.0,47049
47152,2474,8412,854182.0,0.0,47153
47270,1340,8412,855739.0,0.0,47271
47305,2145,8412,856112.0,0.0,47306
47457,1898,8412,857971.0,0.0,47458
47475,982,8412,858186.0,0.0,47476
47646,676,8412,860964.0,0.0,47647
47668,676,8412,861340.0,0.0,47669
47705,676,8412,861903.0,0.0,47706
47803,2573,8412,864021.0,0.0,47804
47809,37,8412,864099.0,0.0,47810
47812,37,8412,864160.0,0.0,47813
47813,966,8412,864190.0,0.0,47814
47814,37,8412,864213.0,0.0,47815
47936,982,8412,866510.0,0.0,47937
48036,982,8412,867708.0,0.0,48037
48283,3771,8412,871443.0,0.0,48284
48474,919,8412,873958.0,0.0,48475
48767,1898,8412,879575.0,0.0,48768
48783,37,8412,879912.0,0.0,48784
48825,982,8412,881169.0,0.0,48826
48899,571,8412,883216.0,0.0,48900
49199,3828,8412,889410.0,0.0,49200
49212,37,8412,889614.0,0.0,49213
49214,3830,8412,889640.0,0.0,49215
49218,37,8412,889706.0,0.0,49219
49221,37,8412,889756.0,0.0,49222
49249,919,8412,890399.0,0.0,49250
49250,919,8412,890414.0,0.0,49251
49446,2056,8412,895025.0,0.0,49447
49456,430,8412,895256.0,0.0,49457
49555,3850,8412,897298.0,0.0,49556
49566,3850,8412,897463.0,0.0,49567
49630,485,8412,898903.0,0.0,49631
49634,485,8412,898935.0,0.0,49635
49645,485,8412,899091.0,0.0,49646
49659,320,8412,899667.0,0.0,49660
49668,320,8412,899995.0,0.0,49669
49686,37,8412,900244.0,0.0,49687
49699,485,8412,900516.0,0.0,49700
49700,2655,8412,900556.0,0.0,49701
49884,919,8412,904190.0,0.0,49885
49887,430,8412,904354.0,0.0,49888
49896,430,8412,904533.0,0.0,49897
49910,243,8412,904858.0,0.0,49911
49974,982,8412,906068.0,0.0,49975
49976,982,8412,906095.0,0.0,49977
49977,320,8412,906104.0,0.0,49978
50290,919,8412,911025.0,0.0,50291
50321,320,8412,911737.0,0.0,50322
50443,919,8412,914677.0,0.0,50444
50515,1893,8412,916363.0,0.0,50516
50546,430,8412,917020.0,0.0,50547
50720,320,8412,919725.0,0.0,50721
50731,2116,8412,919886.0,0.0,50732
50824,494,8412,921518.0,0.0,50825
51260,320,8412,928464.0,0.0,51261
51263,320,8412,928519.0,0.0,51264
51282,320,8412,928719.0,0.0,51283
51289,320,8412,928745.0,0.0,51290
51291,320,8412,928788.0,0.0,51292
51293,320,8412,928806.0,0.0,51294
51457,818,8412,932176.0,0.0,51458
51494,2655,8412,932717.0,0.0,51495
51628,331,8412,934981.0,0.0,51629
51691,2867,8412,935769.0,0.0,51692
51736,2358,8412,936330.0,0.0,51737
51805,3975,8412,937338.0,0.0,51806
51889,1221,8412,938327.0,0.0,51890
51906,485,8412,938497.0,0.0,51907
51957,1221,8412,939105.0,0.0,51958
52066,2437,8412,940141.0,0.0,52067
52244,3993,8412,942263.0,0.0,52245
52311,540,8412,942929.0,0.0,52312
52320,540,8412,943044.0,0.0,52321
52343,37,8412,943423.0,0.0,52344
52546,2253,8412,946000.0,0.0,52547
52556,37,8412,946113.0,0.0,52557
52566,37,8412,946229.0,0.0,52567
52583,430,8412,946570.0,0.0,52584
52643,571,8412,947315.0,0.0,52644
52645,571,8412,947349.0,0.0,52646
52681,4014,8412,947923.0,0.0,52682
52696,1221,8412,948240.0,0.0,52697
52708,1221,8412,948456.0,0.0,52709
52731,982,8412,948799.0,0.0,52732
52778,463,8412,949519.0,0.0,52779
52853,982,8412,950616.0,0.0,52854
52871,982,8412,950919.0,0.0,52872
52898,4026,8412,951279.0,0.0,52899
52904,982,8412,951369.0,0.0,52905
52965,982,8412,952008.0,0.0,52966
52973,1893,8412,952098.0,0.0,52974
53040,982,8412,953202.0,0.0,53041
53041,324,8412,953204.0,0.0,53042
53529,636,8412,962154.0,0.0,53530
53572,1340,8412,962746.0,0.0,53573
53827,919,8412,965690.0,0.0,53828
54174,37,8412,970367.0,0.0,54175
54186,37,8412,970444.0,0.0,54187
54299,919,8412,972593.0,0.0,54300
54439,243,8412,974861.0,0.0,54440
54497,1141,8412,976254.0,0.0,54498
54546,659,8412,977446.0,0.0,54547
54583,659,8412,978069.0,0.0,54584
54651,919,8412,979521.0,0.0,54652
55065,3030,8412,986637.0,0.0,55066
55096,320,8412,986993.0,0.0,55097
55129,430,8412,987566.0,0.0,55130
55189,919,8412,988517.0,0.0,55190
55257,982,8412,989699.0,0.0,55258
55267,982,8412,989872.0,0.0,55268
55271,982,8412,989910.0,0.0,55272
55295,982,8412,990278.0,0.0,55296
55322,919,8412,990682.0,0.0,55323
55543,982,8412,994714.0,0.0,55544
55793,2474,8412,998639.0,0.0,55794
55796,2474,8412,998652.0,0.0,55797
56035,676,8412,1002580.0,0.0,56036
56393,2831,8412,1006844.0,0.0,56394
56504,4191,8412,1008358.0,0.0,56505
57057,2116,8412,1014637.0,0.0,57058
57096,4229,8412,1015108.0,0.0,57097
57272,430,8412,1017609.0,0.0,57273
57320,430,8412,1018334.0,0.0,57321
57385,430,8412,1019111.0,0.0,57386
57396,2199,8412,1019404.0,0.0,57397
57506,430,8412,1021356.0,0.0,57507
57513,430,8412,1021529.0,0.0,57514
57533,430,8412,1021796.0,0.0,57534
57554,430,8412,1022302.0,0.0,57555
57560,3032,8412,1022406.0,0.0,57561
57597,2437,8412,1023121.0,0.0,57598
57619,2116,8412,1023318.0,0.0,57620
57623,542,8412,1023381.0,0.0,57624
57625,1141,8412,1023397.0,0.0,57626
57639,542,8412,1023578.0,0.0,57640
57655,331,8412,1023759.0,0.0,57656
57693,832,8412,1024241.0,0.0,57694
57709,2253,8412,1024445.0,0.0,57710
57772,2145,8412,1025105.0,0.0,57773
57792,2145,8412,1025287.0,0.0,57793
57797,2145,8412,1025371.0,0.0,57798
57833,2145,8412,1025947.0,0.0,57834
57847,2145,8412,1026096.0,0.0,57848
57865,4270,8412,1026261.0,0.0,57866
57873,2145,8412,1026325.0,0.0,57874
57899,1221,8412,1026542.0,0.0,57900
57914,2145,8412,1026653.0,0.0,57915
57966,320,8412,1027344.0,0.0,57967
58119,571,8412,1028902.0,0.0,58120
58172,430,8412,1029508.0,0.0,58173
58192,430,8412,1029767.0,0.0,58193
58228,1221,8412,1030160.0,0.0,58229
58256,2867,8412,1030388.0,0.0,58257
58272,1221,8412,1030573.0,0.0,58273
58342,2867,8412,1031342.0,0.0,58343
58755,4317,8412,1037760.0,0.0,58756
58803,37,8412,1038248.0,0.0,58804
58820,982,8412,1038449.0,0.0,58821
58971,1340,8412,1040405.0,0.0,58972
59042,982,8412,1041488.0,0.0,59043
59062,982,8412,1041689.0,0.0,59063
59195,37,8412,1043385.0,0.0,59196
59286,2527,8412,1044521.0,0.0,59287
59337,4362,8412,1045626.0,0.0,59338
59351,37,8412,1045850.0,0.0,59352
59531,919,8412,1049546.0,0.0,59532
59535,1893,8412,1049599.0,0.0,59536
59666,982,8412,1051634.0,0.0,59667
59755,3850,8412,1052886.0,0.0,59756
59927,982,8412,1056207.0,0.0,59928
59946,919,8412,1056443.0,0.0,59947
60110,919,8412,1059184.0,0.0,60111
60349,659,8412,1063298.0,0.0,60350
60409,982,8412,1064401.0,0.0,60410
60518,982,8412,1066609.0,0.0,60519
60615,982,8412,1068700.0,0.0,60616
60625,982,8412,1068985.0,0.0,60626
60627,982,8412,1069021.0,0.0,60628
60791,676,8412,1072992.0,0.0,60792
60930,919,8412,1076090.0,0.0,60931
61389,982,8412,1084486.0,0.0,61390
61397,982,8412,1084563.0,0.0,61398
61410,676,8412,1084744.0,0.0,61411
61460,919,8412,1085645.0,0.0,61461
61462,919,8412,1085676.0,0.0,61463
61468,2116,8412,1086080.0,0.0,61469
61484,919,8412,1086585.0,0.0,61485
62147,4500,8412,1098402.0,0.0,62148
62343,320,8412,1102255.0,0.0,62344
62367,320,8412,1102614.0,0.0,62368
62375,320,8412,1102741.0,0.0,62376
62414,4515,8412,1103196.0,0.0,62415
62424,4515,8412,1103312.0,0.0,62425
62564,4520,8412,1105514.0,0.0,62565
62619,3148,8412,1106128.0,0.0,62620
62921,4542,8412,1110544.0,0.0,62922
63050,2116,8412,1112736.0,0.0,63051
63212,676,8412,1115710.0,0.0,63213
63226,2145,8412,1115921.0,0.0,63227
63242,2145,8412,1116196.0,0.0,63243
63301,582,8412,1116901.0,0.0,63302
63380,37,8412,1118317.0,0.0,63381
63405,4571,8412,1118630.0,0.0,63406
63425,4571,8412,1118962.0,0.0,63426
63481,485,8412,1119758.0,0.0,63482
63498,37,8412,1119951.0,0.0,63499
63519,320,8412,1120264.0,0.0,63520
63534,982,8412,1120392.0,0.0,63535
63552,982,8412,1120582.0,0.0,63553
63616,4580,8412,1121472.0,0.0,63617
63649,2358,8412,1122017.0,0.0,63650
63690,2116,8412,1122474.0,0.0,63691
63704,585,8412,1122664.0,0.0,63705
63837,37,8412,1124775.0,0.0,63838
63846,37,8412,1124904.0,0.0,63847
63909,320,8412,1126117.0,0.0,63910
63916,320,8412,1126164.0,0.0,63917
63955,320,8412,1127051.0,0.0,63956
64249,3005,8412,1132406.0,0.0,64250
64295,4614,8412,1133278.0,0.0,64296
64472,982,8412,1136431.0,0.0,64473
64486,982,8412,1136594.0,0.0,64487
64490,4624,8412,1136672.0,0.0,64491
64510,37,8412,1136987.0,0.0,64511
64556,676,8412,1138036.0,0.0,64557
64572,571,8412,1138338.0,0.0,64573
64601,1898,8412,1139237.0,0.0,64602
64604,1898,8412,1139289.0,0.0,64605
64627,982,8412,1139955.0,0.0,64628
64634,982,8412,1140170.0,0.0,64635
64640,982,8412,1140277.0,0.0,64641
64709,494,8412,1142343.0,0.0,64710
64888,982,8412,1146947.0,0.0,64889
64938,982,8412,1148373.0,0.0,64939
65397,37,8412,1156773.0,0.0,65398
65555,919,8412,1159251.0,0.0,65556
65606,430,8412,1160279.0,0.0,65607
65612,37,8412,1160408.0,0.0,65613
65670,430,8412,1161619.0,0.0,65671
65690,3394,8412,1162213.0,0.0,65691
65691,3394,8412,1162258.0,0.0,65692
65748,676,8412,1163471.0,0.0,65749
65784,2437,8412,1164185.0,0.0,65785
66110,982,8412,1169368.0,0.0,66111
66162,4702,8412,1170140.0,0.0,66163
66172,1494,8412,1170439.0,0.0,66173
66215,320,8412,1171106.0,0.0,66216
66280,331,8412,1172279.0,0.0,66281
66282,331,8412,1172312.0,0.0,66283
66342,510,8412,1173223.0,0.0,66343
66372,331,8412,1173499.0,0.0,66373
66449,320,8412,1174326.0,0.0,66450
66480,331,8412,1174738.0,0.0,66481
66532,1893,8412,1175463.0,0.0,66533
66661,919,8412,1177273.0,0.0,66662
66705,659,8412,1177707.0,0.0,66706
66729,659,8412,1178121.0,0.0,66730
66768,2099,8412,1178772.0,0.0,66769
66784,320,8412,1179049.0,0.0,66785
67000,4249,8412,1181865.0,0.0,67001
67316,320,8412,1186818.0,0.0,67317
67637,320,8412,1191132.0,0.0,67638
67649,320,8412,1191270.0,0.0,67650
67656,320,8412,1191364.0,0.0,67657
67676,320,8412,1191634.0,0.0,67677
67686,320,8412,1191804.0,0.0,67687
67839,645,8412,1194137.0,0.0,67840
68341,3975,8412,1201110.0,0.0,68342
68362,3975,8412,1201315.0,0.0,68363
68616,494,8412,1204363.0,0.0,68617
68676,982,8412,1205182.0,0.0,68677
69212,4867,8412,1210945.0,0.0,69213
69320,982,8412,1211993.0,0.0,69321
69490,1596,8412,1213878.0,0.0,69491
69493,1596,8412,1213901.0,0.0,69494
69515,1596,8412,1214076.0,0.0,69516
69771,37,8412,1217146.0,0.0,69772
69837,4922,8412,1218477.0,0.0,69838
69838,4922,8412,1218512.0,0.0,69839
69878,37,8412,1219334.0,0.0,69879
70064,320,8412,1222843.0,0.0,70065
70155,676,8412,1224583.0,0.0,70156
70218,4940,8412,1225601.0,0.0,70219
70250,4940,8412,1226031.0,0.0,70251
70269,571,8412,1226327.0,0.0,70270
70275,571,8412,1226385.0,0.0,70276
70305,982,8412,1226791.0,0.0,70306
70361,982,8412,1227334.0,0.0,70362
70396,699,8412,1227971.0,0.0,70397
70407,37,8412,1228042.0,0.0,70408
70480,919,8412,1229017.0,0.0,70481
70521,919,8412,1229482.0,0.0,70522
70719,433,8412,1233079.0,0.0,70720
70724,3005,8412,1233186.0,0.0,70725
70786,37,8412,1234279.0,0.0,70787
71045,4973,8412,1238631.0,0.0,71046
71049,4973,8412,1238691.0,0.0,71050
71059,64,8412,1238824.0,0.0,71060
71080,919,8412,1239055.0,0.0,71081
71100,919,8412,1239644.0,0.0,71101
71117,234,8412,1239809.0,0.0,71118
71153,64,8412,1240414.0,0.0,71154
71182,919,8412,1240875.0,0.0,71183
71210,919,8412,1241304.0,0.0,71211
71213,2718,8412,1241466.0,0.0,71214
71214,2718,8412,1241490.0,0.0,71215
71246,2218,8412,1242197.0,0.0,71247
71294,430,8412,1243061.0,0.0,71295
71321,430,8412,1243483.0,0.0,71322
71346,430,8412,1243934.0,0.0,71347
71357,1703,8412,1244071.0,0.0,71358
71523,676,8412,1247586.0,0.0,71524
71546,676,8412,1248200.0,0.0,71547
71576,676,8412,1248798.0,0.0,71577
71582,1047,8412,1249019.0,0.0,71583
71824,243,8412,1254723.0,0.0,71825
71831,243,8412,1254870.0,0.0,71832
71834,243,8412,1254933.0,0.0,71835
71850,37,8412,1255339.0,0.0,71851
71996,582,8412,1258151.0,0.0,71997
72196,582,8412,1261165.0,0.0,72197
72216,320,8412,1261491.0,0.0,72217
72484,5040,8412,1265724.0,0.0,72485
72537,320,8412,1266638.0,0.0,72538
72538,320,8412,1266650.0,0.0,72539
72559,120,8412,1267112.0,0.0,72560
72672,2116,8412,1269566.0,0.0,72673
72689,582,8412,1269851.0,0.0,72690
72697,2116,8412,1270001.0,0.0,72698
72712,320,8412,1270162.0,0.0,72713
72725,2116,8412,1270451.0,0.0,72726
72747,5051,8412,1270856.0,0.0,72748
72767,320,8412,1271088.0,0.0,72768
72809,5053,8412,1271644.0,0.0,72810
72815,5054,8412,1271791.0,0.0,72816
72854,5051,8412,1272268.0,0.0,72855
72885,1680,8412,1272665.0,0.0,72886
72892,5051,8412,1272718.0,0.0,72893
72894,1680,8412,1272729.0,0.0,72895
72903,582,8412,1272948.0,0.0,72904
72906,871,8412,1273006.0,0.0,72907
72920,5061,8412,1273200.0,0.0,72921
72993,2116,8412,1274332.0,0.0,72994
73016,243,8412,1274523.0,0.0,73017
73086,975,8412,1275503.0,0.0,73087
73121,1893,8412,1275945.0,0.0,73122
73149,571,8412,1276210.0,0.0,73150
73154,571,8412,1276298.0,0.0,73155
73275,243,8412,1277932.0,0.0,73276
73304,320,8412,1278245.0,0.0,73305
73398,320,8412,1279812.0,0.0,73399
73610,430,8412,1283426.0,0.0,73611
73632,430,8412,1283761.0,0.0,73633
73651,535,8412,1284100.0,0.0,73652
73702,430,8412,1284734.0,0.0,73703
73713,430,8412,1284931.0,0.0,73714
73988,535,8412,1289263.0,0.0,73989
74112,535,8412,1290886.0,0.0,74113
74489,2116,8412,1295925.0,0.0,74490
74508,571,8412,1296409.0,0.0,74509
74519,571,8412,1296570.0,0.0,74520
74555,37,8412,1297092.0,0.0,74556
74568,37,8412,1297244.0,0.0,74569
74571,37,8412,1297329.0,0.0,74572
74839,571,8412,1302042.0,0.0,74840
75343,535,8412,1311012.0,0.0,75344
75378,2253,8412,1311711.0,0.0,75379
75380,535,8412,1311781.0,0.0,75381
75496,659,8412,1313758.0,0.0,75497
75766,320,8412,1317062.0,0.0,75767
75800,320,8412,1317653.0,0.0,75801
75806,320,8412,1317805.0,0.0,75807
75890,2253,8412,1319232.0,0.0,75891
75892,2253,8412,1319274.0,0.0,75893
75900,2253,8412,1319370.0,0.0,75901
75908,243,8412,1319477.0,0.0,75909
75911,2253,8412,1319556.0,0.0,75912
75913,2253,8412,1319572.0,0.0,75914
75917,2253,8412,1319612.0,0.0,75918
75922,2253,8412,1319637.0,0.0,75923
75939,37,8412,1319899.0,0.0,75940
76042,2253,8412,1321660.0,0.0,76043
76053,2253,8412,1321845.0,0.0,76054
76057,982,8412,1321882.0,0.0,76058
76066,2253,8412,1322102.0,0.0,76067
76070,2253,8412,1322131.0,0.0,76071
76075,2253,8412,1322212.0,0.0,76076
76080,2253,8412,1322320.0,0.0,76081
76491,430,8412,1331318.0,0.0,76492
76588,676,8412,1333389.0,0.0,76589
76926,3677,8412,1338826.0,0.0,76927
76949,1340,8412,1339181.0,0.0,76950
76990,1340,8412,1339855.0,0.0,76991
77020,676,8412,1340223.0,0.0,77021
77074,331,8412,1341108.0,1.0,77075
77344,286,8412,1344124.0,0.0,77345
77551,676,8412,1347092.0,0.0,77552
78001,463,8412,1352870.0,0.0,78002
78054,463,8412,1353381.0,0.0,78055
78096,463,8412,1353857.0,0.0,78097
78541,2253,8412,1359372.0,0.0,78542
78589,2253,8412,1359846.0,0.0,78590
79292,535,8412,1367922.0,0.0,79293
79298,3533,8412,1368002.0,0.0,79299
79374,2253,8412,1368918.0,0.0,79375
79379,2253,8412,1369031.0,0.0,79380
79393,2253,8412,1369238.0,0.0,79394
79395,2253,8412,1369257.0,0.0,79396
79396,2253,8412,1369272.0,0.0,79397
79506,535,8412,1370656.0,0.0,79507
79508,494,8412,1370674.0,0.0,79509
79510,494,8412,1370708.0,0.0,79511
79525,535,8412,1370894.0,0.0,79526
79574,571,8412,1371643.0,0.0,79575
79790,2253,8412,1374443.0,0.0,79791
79792,2253,8412,1374470.0,0.0,79793
79794,2253,8412,1374486.0,0.0,79795
79796,2253,8412,1374519.0,0.0,79797
80323,997,8412,1381155.0,0.0,80324
80595,37,8412,1384127.0,0.0,80596
80598,5405,8412,1384152.0,0.0,80599
80609,37,8412,1384327.0,0.0,80610
80613,37,8412,1384367.0,0.0,80614
80642,535,8412,1384774.0,0.0,80643
80732,120,8412,1385829.0,0.0,80733
80928,37,8412,1388887.0,0.0,80929
81486,535,8412,1400194.0,0.0,81487
81553,919,8412,1401607.0,0.0,81554
81666,982,8412,1404418.0,0.0,81667
81669,982,8412,1404623.0,0.0,81670
81684,982,8412,1404837.0,0.0,81685
81689,37,8412,1405041.0,0.0,81690
81698,982,8412,1405186.0,0.0,81699
81967,571,8412,1410509.0,0.0,81968
81969,571,8412,1410533.0,0.0,81970
82287,37,8412,1416776.0,0.0,82288
82375,919,8412,1418392.0,0.0,82376
82398,919,8412,1418862.0,0.0,82399
82404,430,8412,1419018.0,0.0,82405
82431,430,8412,1419515.0,0.0,82432
82451,430,8412,1419939.0,0.0,82452
82456,430,8412,1420002.0,0.0,82457
82496,430,8412,1420856.0,0.0,82497
82520,676,8412,1421132.0,0.0,82521
82592,1724,8412,1422610.0,0.0,82593
82603,1724,8412,1422748.0,0.0,82604
82635,1724,8412,1423110.0,0.0,82636
82706,868,8412,1424047.0,0.0,82707
82708,868,8412,1424099.0,0.0,82709
82790,5479,8412,1425292.0,0.0,82791
82877,676,8412,1426621.0,0.0,82878
83164,2145,8412,1430985.0,0.0,83165
83207,919,8412,1431703.0,0.0,83208
83217,919,8412,1431791.0,0.0,83218
83226,919,8412,1431989.0,0.0,83227
83758,913,8412,1440611.0,0.0,83759
83777,913,8412,1440735.0,0.0,83778
83792,5509,8412,1440945.0,0.0,83793
84097,320,8412,1444583.0,0.0,84098
84106,1295,8412,1444659.0,0.0,84107
84317,5537,8412,1446915.0,0.0,84318
84533,636,8412,1449431.0,0.0,84534
84540,636,8412,1449487.0,0.0,84541
85017,2116,8412,1455080.0,0.0,85018
85026,320,8412,1455128.0,0.0,85027
85083,5567,8412,1455615.0,0.0,85084
85093,320,8412,1455702.0,0.0,85094
85330,2116,8412,1458423.0,0.0,85331
85364,2116,8412,1458787.0,0.0,85365
85475,37,8412,1459876.0,0.0,85476
85480,2116,8412,1459931.0,0.0,85481
85491,37,8412,1460083.0,0.0,85492
85759,2578,8412,1462318.0,0.0,85760
85827,5593,8412,1462842.0,0.0,85828
85954,676,8412,1463844.0,0.0,85955
85989,871,8412,1464154.0,0.0,85990
86097,5607,8412,1465048.0,0.0,86098
86143,5607,8412,1465398.0,0.0,86144
86159,676,8412,1465501.0,0.0,86160
86184,5607,8412,1465777.0,0.0,86185
86240,676,8412,1466353.0,0.0,86241
86255,571,8412,1466535.0,0.0,86256
86324,37,8412,1467445.0,0.0,86325
86328,37,8412,1467494.0,0.0,86329
86342,37,8412,1467751.0,0.0,86343
86623,1340,8412,1471015.0,0.0,86624
86745,540,8412,1472461.0,0.0,86746
86846,2145,8412,1474001.0,0.0,86847
87019,1596,8412,1476634.0,0.0,87020
87092,676,8412,1477838.0,0.0,87093
87318,37,8412,1481276.0,0.0,87319
87503,982,8412,1484100.0,0.0,87504
87532,982,8412,1484451.0,0.0,87533
87543,982,8412,1484617.0,0.0,87544
87554,37,8412,1484827.0,0.0,87555
87638,913,8412,1485956.0,0.0,87639
87664,5671,8412,1486262.0,0.0,87665
87689,982,8412,1486551.0,0.0,87690
88107,997,8412,1491983.0,0.0,88108
88109,997,8412,1492033.0,0.0,88110
88139,982,8412,1492359.0,0.0,88140
88145,982,8412,1492414.0,0.0,88146
88151,997,8412,1492489.0,0.0,88152
88335,676,8412,1494614.0,0.0,88336
88538,2145,8412,1497349.0,0.0,88539
88649,982,8412,1498880.0,0.0,88650
88778,37,8412,1500567.0,0.0,88779
88923,430,8412,1502718.0,0.0,88924
88940,676,8412,1502949.0,0.0,88941
88957,430,8412,1503229.0,0.0,88958
88990,430,8412,1503862.0,0.0,88991
89207,37,8412,1507089.0,0.0,89208
89245,243,8412,1507783.0,0.0,89246
89357,2437,8412,1510014.0,0.0,89358
89390,320,8412,1510564.0,0.0,89391
89501,676,8412,1512184.0,0.0,89502
89741,2116,8412,1516795.0,0.0,89742
89767,1703,8412,1517371.0,0.0,89768
89979,320,8412,1522642.0,0.0,89980
90218,2116,8412,1526383.0,0.0,90219
90309,982,8412,1527311.0,0.0,90310
90323,636,8412,1527508.0,0.0,90324
90431,485,8412,1528777.0,0.0,90432
90467,2116,8412,1529271.0,0.0,90468
90695,659,8412,1532350.0,0.0,90696
90697,659,8412,1532369.0,0.0,90698
90714,659,8412,1532552.0,0.0,90715
90725,430,8412,1532668.0,0.0,90726
90733,243,8412,1532783.0,0.0,90734
91171,2145,8412,1538882.0,0.0,91172
91234,636,8412,1539844.0,0.0,91235
91322,3663,8412,1541381.0,0.0,91323
91327,3663,8412,1541439.0,0.0,91328
91420,2116,8412,1542614.0,0.0,91421
91506,868,8412,1543769.0,0.0,91507
91508,868,8412,1543792.0,0.0,91509
91530,2831,8412,1544183.0,0.0,91531
91604,37,8412,1545207.0,0.0,91605
91623,2116,8412,1545488.0,0.0,91624
91695,37,8412,1546436.0,0.0,91696
91751,5806,8412,1547208.0,0.0,91752
91820,571,8412,1548275.0,0.0,91821
91833,571,8412,1548401.0,0.0,91834
91853,4953,8412,1548612.0,0.0,91854
91865,2145,8412,1548691.0,0.0,91866
91869,571,8412,1548745.0,0.0,91870
91870,2145,8412,1548748.0,0.0,91871
91872,571,8412,1548768.0,0.0,91873
91875,571,8412,1548832.0,0.0,91876
91878,320,8412,1548862.0,0.0,91879
91896,571,8412,1549025.0,0.0,91897
91908,571,8412,1549287.0,0.0,91909
91947,982,8412,1549794.0,0.0,91948
91994,320,8412,1550496.0,0.0,91995
92155,193,8412,1553681.0,0.0,92156
92240,1339,8412,1555197.0,0.0,92241
92398,463,8412,1558330.0,0.0,92399
92529,463,8412,1560671.0,0.0,92530
92660,5846,8412,1562328.0,0.0,92661
92665,37,8412,1562395.0,0.0,92666
92699,966,8412,1562945.0,0.0,92700
92700,1340,8412,1562956.0,0.0,92701
92862,37,8412,1565373.0,0.0,92863
92884,1340,8412,1565701.0,0.0,92885
93333,5876,8412,1571934.0,0.0,93334
93350,5876,8412,1572212.0,0.0,93351
93420,320,8412,1573111.0,0.0,93421
93428,320,8412,1573184.0,0.0,93429
93436,320,8412,1573236.0,0.0,93437
93455,320,8412,1573446.0,0.0,93456
93585,676,8412,1575199.0,0.0,93586
93639,3850,8412,1575851.0,0.0,93640
93645,3850,8412,1575951.0,0.0,93646
93659,3850,8412,1576186.0,0.0,93660
93830,44,8412,1578630.0,0.0,93831
93908,982,8412,1579609.0,0.0,93909
94027,1893,8412,1581927.0,0.0,94028
94252,1919,8412,1585852.0,0.0,94253
94278,37,8412,1586213.0,0.0,94279
94294,37,8412,1586514.0,0.0,94295
94420,37,8412,1589569.0,0.0,94421
94422,37,8412,1589629.0,0.0,94423
94444,430,8412,1590225.0,0.0,94445
94469,676,8412,1590792.0,0.0,94470
94470,430,8412,1590804.0,0.0,94471
94478,430,8412,1590989.0,0.0,94479
94592,5920,8412,1594519.0,0.0,94593
94698,320,8412,1596194.0,0.0,94699
94702,320,8412,1596289.0,0.0,94703
94894,2908,8412,1599558.0,0.0,94895
94993,982,8412,1601532.0,0.0,94994
95004,676,8412,1601832.0,0.0,95005
95081,243,8412,1603447.0,0.0,95082
95127,5876,8412,1604622.0,0.0,95128
95224,494,8412,1606633.0,0.0,95225
95234,3394,8412,1606758.0,0.0,95235
95277,120,8412,1607960.0,0.0,95278
95529,1812,8412,1612146.0,0.0,95530
95536,320,8412,1612290.0,0.0,95537
95749,582,8412,1615449.0,0.0,95750
95827,1990,8412,1616631.0,0.0,95828
95836,243,8412,1616791.0,0.0,95837
95839,1812,8412,1616845.0,0.0,95840
95840,243,8412,1616870.0,0.0,95841
95910,243,8412,1617721.0,0.0,95911
96183,3032,8412,1621853.0,0.0,96184
96185,3032,8412,1621877.0,0.0,96186
97001,676,8412,1633028.0,0.0,97002
97080,676,8412,1633905.0,0.0,97081
97383,2147,8412,1638145.0,0.0,97384
97394,2147,8412,1638322.0,0.0,97395
97446,676,8412,1639141.0,0.0,97447
97470,463,8412,1639439.0,0.0,97471
97484,463,8412,1639677.0,0.0,97485
97501,2874,8412,1640005.0,0.0,97502
97706,571,8412,1643922.0,0.0,97707
97787,571,8412,1645507.0,0.0,97788
98198,2253,8412,1651756.0,0.0,98199
98203,2253,8412,1651797.0,0.0,98204
98325,463,8412,1653575.0,0.0,98326
98344,1911,8412,1653825.0,0.0,98345
98731,676,8412,1660770.0,0.0,98732
98735,120,8412,1660859.0,0.0,98736
98747,120,8412,1661075.0,0.0,98748
98765,562,8412,1661339.0,0.0,98766
98911,37,8412,1663672.0,0.0,98912
98918,982,8412,1663751.0,0.0,98919
98933,982,8412,1664022.0,0.0,98934
98943,494,8412,1664401.0,0.0,98944
98971,2379,8412,1665217.0,0.0,98972
99021,69,8412,1666469.0,0.0,99022
99043,1919,8412,1666835.0,0.0,99044
99085,982,8412,1667677.0,0.0,99086
99672,582,8412,1677882.0,0.0,99673
99704,659,8412,1678569.0,0.0,99705
99731,2116,8412,1678907.0,0.0,99732
99786,2718,8412,1679855.0,0.0,99787
99806,37,8412,1680236.0,0.0,99807
99827,37,8412,1680685.0,0.0,99828
99884,676,8412,1681652.0,0.0,99885
99938,2585,8412,1682386.0,0.0,99939
100264,430,8412,1688203.0,0.0,100265
100280,1893,8412,1688414.0,0.0,100281
100305,430,8412,1688802.0,0.0,100306
100335,430,8412,1689176.0,0.0,100336
100341,430,8412,1689411.0,0.0,100342
100361,430,8412,1689749.0,0.0,100362
100566,430,8412,1693077.0,0.0,100567
100674,320,8412,1694719.0,0.0,100675
100798,320,8412,1697296.0,0.0,100799
100812,582,8412,1697536.0,0.0,100813
101143,982,8412,1702593.0,0.0,101144
101175,320,8412,1702993.0,0.0,101176
101179,320,8412,1703054.0,0.0,101180
101194,2253,8412,1703338.0,0.0,101195
101215,2867,8412,1703726.0,0.0,101216
101217,2867,8412,1703777.0,0.0,101218
101338,488,8412,1705721.0,0.0,101339
101374,2253,8412,1706072.0,0.0,101375
101695,982,8412,1711458.0,0.0,101696
101776,585,8412,1712491.0,0.0,101777
101971,645,8412,1715001.0,0.0,101972
101973,645,8412,1715030.0,0.0,101974
102119,982,8412,1717170.0,0.0,102120
102525,571,8412,1722592.0,0.0,102526
102680,582,8412,1725516.0,0.0,102681
103016,37,8412,1730787.0,0.0,103017
103019,37,8412,1730845.0,0.0,103020
103031,37,8412,1731007.0,0.0,103032
103099,2474,8412,1732297.0,0.0,103100
103254,2253,8412,1735597.0,0.0,103255
103262,2253,8412,1735743.0,0.0,103263
103270,2253,8412,1735870.0,0.0,103271
103426,6264,8412,1739099.0,0.0,103427
103542,37,8412,1741813.0,0.0,103543
103573,3148,8412,1742349.0,0.0,103574
103575,3148,8412,1742380.0,0.0,103576
103589,37,8412,1742584.0,0.0,103590
103603,6271,8412,1742863.0,0.0,103604
103611,37,8412,1742999.0,0.0,103612
103725,982,8412,1745267.0,0.0,103726
103739,982,8412,1745590.0,0.0,103740
103788,3850,8412,1746643.0,0.0,103789
103796,3850,8412,1746903.0,0.0,103797
103819,3850,8412,1747271.0,0.0,103820
104014,700,8412,1751628.0,0.0,104015
104358,6300,8412,1759278.0,0.0,104359
104422,37,8412,1760475.0,0.0,104423
104429,37,8412,1760543.0,0.0,104430
104560,243,8412,1762563.0,0.0,104561
104592,430,8412,1763074.0,0.0,104593
104621,430,8412,1763579.0,0.0,104622
104670,430,8412,1764571.0,0.0,104671
104967,982,8412,1770106.0,0.0,104968
105627,6358,8412,1782887.0,0.0,105628
105700,982,8412,1783820.0,0.0,105701
105875,982,8412,1786703.0,0.0,105876
105896,582,8412,1787028.0,0.0,105897
105959,6370,8412,1788098.0,0.0,105960
105966,6370,8412,1788216.0,0.0,105967
106099,659,8412,1790075.0,0.0,106100
106128,659,8412,1790431.0,0.0,106129
106143,659,8412,1790573.0,0.0,106144
106162,6376,8412,1790782.0,0.0,106163
106169,6376,8412,1790855.0,0.0,106170
106174,6377,8412,1790890.0,0.0,106175
106175,659,8412,1790896.0,0.0,106176
106180,6377,8412,1790951.0,0.0,106181
106272,2867,8412,1792473.0,0.0,106273
106285,2867,8412,1792610.0,0.0,106286
106293,2867,8412,1792764.0,0.0,106294
106811,982,8412,1800876.0,0.0,106812
106822,982,8412,1801134.0,0.0,106823
106979,4863,8412,1803512.0,0.0,106980
106997,320,8412,1803650.0,0.0,106998
107024,585,8412,1804212.0,0.0,107025
107043,37,8412,1804479.0,0.0,107044
107052,37,8412,1804552.0,0.0,107053
107081,3677,8412,1805195.0,0.0,107082
107082,3677,8412,1805225.0,0.0,107083
107174,2253,8412,1807077.0,0.0,107175
107180,2253,8412,1807236.0,0.0,107181
107194,2253,8412,1807499.0,0.0,107195
107196,2253,8412,1807523.0,0.0,107197
107277,37,8412,1809201.0,0.0,107278
107329,6420,8412,1810056.0,0.0,107330
107334,6420,8412,1810231.0,0.0,107335
107345,6420,8412,1810505.0,0.0,107346
107349,585,8412,1810607.0,0.0,107350
107395,37,8412,1811442.0,0.0,107396
107442,571,8412,1812216.0,0.0,107443
107589,582,8412,1814907.0,0.0,107590
107595,582,8412,1814968.0,0.0,107596
107651,6435,8412,1815859.0,0.0,107652
107786,37,8412,1818186.0,0.0,107787
107796,6441,8412,1818329.0,0.0,107797
108028,2253,8412,1821492.0,0.0,108029
108035,2253,8412,1821624.0,0.0,108036
108041,2253,8412,1821721.0,0.0,108042
108343,571,8412,1826014.0,0.0,108344
108538,2253,8412,1828944.0,0.0,108539
108546,2253,8412,1829083.0,0.0,108547
108550,2253,8412,1829122.0,0.0,108551
108556,2253,8412,1829167.0,0.0,108557
108621,2253,8412,1830559.0,0.0,108622
108622,2253,8412,1830598.0,0.0,108623
108626,2253,8412,1830687.0,0.0,108627
108628,2253,8412,1830721.0,0.0,108629
108630,2253,8412,1830757.0,0.0,108631
108665,2253,8412,1831333.0,0.0,108666
108675,2253,8412,1831609.0,0.0,108676
108678,2253,8412,1831642.0,0.0,108679
108681,2253,8412,1831688.0,0.0,108682
108684,2253,8412,1831721.0,0.0,108685
108689,2253,8412,1831809.0,0.0,108690
108701,2253,8412,1831979.0,0.0,108702
108702,2253,8412,1831997.0,0.0,108703
108704,2253,8412,1832024.0,0.0,108705
108713,2253,8412,1832158.0,0.0,108714
108719,320,8412,1832248.0,0.0,108720
108725,2253,8412,1832292.0,0.0,108726
108757,571,8412,1832817.0,0.0,108758
108761,571,8412,1832836.0,0.0,108762
108767,571,8412,1832902.0,0.0,108768
108772,320,8412,1832959.0,0.0,108773
108773,571,8412,1832965.0,0.0,108774
109152,982,8412,1840707.0,0.0,109153
109204,3306,8412,1841663.0,0.0,109205
109636,676,8412,1850755.0,0.0,109637
109677,430,8412,1851461.0,0.0,109678
109691,585,8412,1851642.0,0.0,109692
109692,430,8412,1851652.0,0.0,109693
109703,430,8412,1851849.0,0.0,109704
109711,430,8412,1851967.0,0.0,109712
109724,430,8412,1852114.0,0.0,109725
109742,430,8412,1852423.0,0.0,109743
109757,430,8412,1852667.0,0.0,109758
109927,1863,8412,1855970.0,0.0,109928
110133,6300,8412,1860827.0,0.0,110134
110292,676,8412,1863681.0,0.0,110293
110402,3993,8412,1865596.0,0.0,110403
110419,645,8412,1865957.0,0.0,110420
110502,3148,8412,1867191.0,0.0,110503
110503,3148,8412,1867211.0,0.0,110504
110558,68,8412,1868142.0,0.0,110559
110614,6533,8412,1869004.0,0.0,110615
110647,2145,8412,1869706.0,0.0,110648
110744,2116,8412,1871589.0,0.0,110745
110789,6541,8412,1872380.0,0.0,110790
110916,982,8412,1874485.0,0.0,110917
110996,982,8412,1875571.0,0.0,110997
111290,243,8412,1879283.0,0.0,111291
111348,982,8412,1880020.0,0.0,111349
111365,982,8412,1880244.0,0.0,111366
111451,2253,8412,1881319.0,0.0,111452
111600,3148,8412,1883553.0,0.0,111601
111624,982,8412,1883762.0,0.0,111625
111626,659,8412,1883768.0,0.0,111627
111695,3850,8412,1884900.0,0.0,111696
111698,3850,8412,1884935.0,0.0,111699
111723,286,8412,1885318.0,0.0,111724
112015,645,8412,1889934.0,0.0,112016
112022,645,8412,1890050.0,0.0,112023
112226,1340,8412,1892773.0,0.0,112227
112534,2253,8412,1896149.0,0.0,112535
112544,2253,8412,1896259.0,0.0,112545
112914,5593,8412,1900411.0,0.0,112915
112978,320,8412,1901368.0,0.0,112979
113026,676,8412,1901943.0,0.0,113027
113059,582,8412,1902429.0,0.0,113060
113075,676,8412,1902777.0,0.0,113076
113168,676,8412,1904115.0,0.0,113169
114051,1340,8412,1916097.0,0.0,114052
114177,919,8412,1917763.0,0.0,114178
114211,919,8412,1918089.0,0.0,114212
114233,2253,8412,1918427.0,0.0,114234
114518,37,8412,1923516.0,0.0,114519
114521,37,8412,1923570.0,0.0,114522
114524,37,8412,1923625.0,0.0,114525
114529,37,8412,1923717.0,0.0,114530
114543,37,8412,1923916.0,0.0,114544
114552,37,8412,1924054.0,0.0,114553
114798,982,8412,1929031.0,0.0,114799
114811,982,8412,1929288.0,0.0,114812
114814,982,8412,1929413.0,0.0,114815
114872,1596,8412,1930401.0,0.0,114873
115008,1596,8412,1932721.0,0.0,115009
115101,982,8412,1934714.0,0.0,115102
115129,659,8412,1935135.0,0.0,115130
115130,659,8412,1935183.0,0.0,115131
115134,430,8412,1935343.0,0.0,115135
115138,659,8412,1935482.0,0.0,115139
115152,430,8412,1935924.0,0.0,115153
115178,286,8412,1936600.0,0.0,115179
115180,919,8412,1936635.0,0.0,115181
115195,919,8412,1937048.0,0.0,115196
115203,430,8412,1937294.0,0.0,115204
115227,3032,8412,1937973.0,0.0,115228
115322,582,8412,1939440.0,0.0,115323
115360,676,8412,1939896.0,0.0,115361
115402,676,8412,1940703.0,0.0,115403
115478,582,8412,1942182.0,0.0,115479
115481,982,8412,1942333.0,0.0,115482
115835,676,8412,1948039.0,0.0,115836
115886,243,8412,1949008.0,0.0,115887
116080,494,8412,1952372.0,0.0,116081
116210,582,8412,1954039.0,0.0,116211
116214,582,8412,1954108.0,0.0,116215
116300,2218,8412,1955307.0,0.0,116301
116486,1340,8412,1957877.0,0.0,116487
117063,585,8412,1965553.0,0.0,117064
117113,3032,8412,1966069.0,0.0,117114
117259,320,8412,1967618.0,0.0,117260
117266,320,8412,1967720.0,0.0,117267
117518,2253,8412,1969992.0,0.0,117519
117530,2253,8412,1970097.0,0.0,117531
117609,320,8412,1970848.0,0.0,117610
117699,2585,8412,1971564.0,0.0,117700
117711,2585,8412,1971680.0,0.0,117712
117938,1221,8412,1974061.0,0.0,117939
118314,320,8412,1978589.0,0.0,118315
118388,243,8412,1979466.0,0.0,118389
118616,982,8412,1981811.0,0.0,118617
118714,463,8412,1982976.0,0.0,118715
118753,6804,8412,1983439.0,0.0,118754
119209,676,8412,1989328.0,0.0,119210
119369,676,8412,1992085.0,0.0,119370
119482,2585,8412,1993905.0,0.0,119483
119925,37,8412,1999960.0,0.0,119926
119928,37,8412,2000014.0,0.0,119929
119968,37,8412,2000378.0,0.0,119969
120456,320,8412,2006381.0,0.0,120457
120661,2908,8412,2010994.0,0.0,120662
120804,2145,8412,2014700.0,0.0,120805
120843,982,8412,2015477.0,0.0,120844
120850,2145,8412,2015622.0,0.0,120851
120998,2840,8412,2018888.0,0.0,120999
121000,2840,8412,2018914.0,0.0,121001
121010,2840,8412,2019129.0,0.0,121011
121129,676,8412,2021357.0,0.0,121130
121226,6866,8412,2024690.0,0.0,121227
121242,430,8412,2025312.0,0.0,121243
121253,430,8412,2025486.0,0.0,121254
121367,919,8412,2028689.0,0.0,121368
121739,2145,8412,2034776.0,0.0,121740
121743,2145,8412,2034840.0,0.0,121744
121789,37,8412,2035553.0,0.0,121790
121794,37,8412,2035623.0,0.0,121795
122214,982,8412,2042099.0,0.0,122215
122315,320,8412,2043950.0,0.0,122316
122529,2292,8412,2047085.0,0.0,122530
122562,243,8412,2047523.0,0.0,122563
122579,2867,8412,2047721.0,0.0,122580
122586,982,8412,2047827.0,0.0,122587
122699,6912,8412,2049092.0,0.0,122700
122702,6912,8412,2049115.0,0.0,122703
122747,2867,8412,2049670.0,0.0,122748
123135,6921,8412,2054894.0,0.0,123136
123156,6804,8412,2055180.0,0.0,123157
123274,2448,8412,2056910.0,0.0,123275
123641,320,8412,2062238.0,0.0,123642
123644,320,8412,2062266.0,0.0,123645
123693,120,8412,2062873.0,0.0,123694
123914,1405,8412,2065260.0,0.0,123915
124517,540,8412,2073218.0,0.0,124518
124563,37,8412,2073589.0,0.0,124564
124571,37,8412,2073704.0,0.0,124572
124577,37,8412,2073770.0,0.0,124578
125152,6996,8412,2081620.0,0.0,125153
126071,700,8412,2093670.0,0.0,126072
126075,700,8412,2093709.0,0.0,126076
126078,700,8412,2093747.0,0.0,126079
126095,193,8412,2093928.0,0.0,126096
126311,37,8412,2097026.0,0.0,126312
126321,37,8412,2097119.0,0.0,126322
126706,676,8412,2105474.0,0.0,126707
126723,982,8412,2106176.0,0.0,126724
126948,430,8412,2110693.0,0.0,126949
126981,430,8412,2111163.0,0.0,126982
126989,485,8412,2111332.0,0.0,126990
126991,430,8412,2111366.0,0.0,126992
127011,430,8412,2111893.0,0.0,127012
127032,430,8412,2112366.0,0.0,127033
127039,676,8412,2112555.0,0.0,127040
127042,430,8412,2112573.0,0.0,127043
127270,6089,8412,2116762.0,0.0,127271
127394,982,8412,2119651.0,0.0,127395
127401,37,8412,2119782.0,0.0,127402
127403,37,8412,2119809.0,0.0,127404
127410,571,8412,2119988.0,0.0,127411
127519,540,8412,2121568.0,0.0,127520
127522,540,8412,2121605.0,0.0,127523
127531,540,8412,2121745.0,0.0,127532
127615,2474,8412,2122955.0,0.0,127616
127711,676,8412,2124208.0,0.0,127712
127840,120,8412,2126427.0,0.0,127841
128011,1703,8412,2128802.0,0.0,128012
128030,488,8412,2129048.0,0.0,128031
128041,488,8412,2129157.0,0.0,128042
128085,645,8412,2129859.0,0.0,128086
128125,1703,8412,2130316.0,0.0,128126
128132,1703,8412,2130395.0,0.0,128133
128188,659,8412,2131184.0,0.0,128189
128197,659,8412,2131401.0,0.0,128198
128210,1893,8412,2131639.0,0.0,128211
128563,7132,8412,2135794.0,0.0,128564
128570,7132,8412,2135856.0,0.0,128571
128575,7132,8412,2135897.0,0.0,128576
128582,430,8412,2135932.0,0.0,128583
129426,602,8412,2146849.0,0.0,129427
129430,602,8412,2146890.0,0.0,129431
129882,602,8412,2152594.0,0.0,129883
130001,2116,8412,2154462.0,0.0,130002
130004,2116,8412,2154478.0,0.0,130005
130188,982,8412,2157349.0,0.0,130189
130212,463,8412,2158093.0,0.0,130213
130224,463,8412,2158312.0,0.0,130225
130230,463,8412,2158403.0,0.0,130231
130287,37,8412,2159113.0,0.0,130288
130291,37,8412,2159149.0,0.0,130292
130337,37,8412,2159606.0,0.0,130338
130340,982,8412,2159624.0,0.0,130341
130366,7128,8412,2159906.0,0.0,130367
130372,463,8412,2159975.0,0.0,130373
130373,37,8412,2160063.0,0.0,130374
130378,582,8412,2160170.0,0.0,130379
130383,2253,8412,2160276.0,0.0,130384
130384,463,8412,2160282.0,0.0,130385
130392,37,8412,2160346.0,0.0,130393
130395,2253,8412,2160374.0,0.0,130396
130397,2253,8412,2160435.0,0.0,130398
130427,463,8412,2160914.0,0.0,130428
130931,2474,8412,2167222.0,0.0,130932
131029,2253,8412,2168291.0,0.0,131030
131040,2253,8412,2168368.0,0.0,131041
131190,676,8412,2170025.0,0.0,131191
131203,676,8412,2170265.0,0.0,131204
131376,535,8412,2173055.0,0.0,131377
131386,4086,8412,2173181.0,0.0,131387
131389,535,8412,2173209.0,0.0,131390
131629,7245,8412,2176999.0,0.0,131630
131686,37,8412,2177996.0,0.0,131687
131797,320,8412,2179709.0,0.0,131798
131804,320,8412,2179853.0,0.0,131805
131890,676,8412,2181212.0,0.0,131891
132606,430,8412,2194140.0,0.0,132607
132635,982,8412,2194735.0,0.0,132636
132656,982,8412,2195074.0,0.0,132657
132663,430,8412,2195260.0,0.0,132664
132679,982,8412,2195789.0,0.0,132680
132698,37,8412,2196144.0,0.0,132699
132737,430,8412,2197047.0,0.0,132738
132747,430,8412,2197449.0,0.0,132748
132750,676,8412,2197660.0,0.0,132751
132755,430,8412,2197718.0,0.0,132756
132783,7283,8412,2198233.0,0.0,132784
132784,982,8412,2198239.0,0.0,132785
132799,430,8412,2198592.0,0.0,132800
132813,7284,8412,2198909.0,0.0,132814
132830,37,8412,2199377.0,0.0,132831
132894,832,8412,2201323.0,0.0,132895
132992,37,8412,2204342.0,0.0,132993
133086,676,8412,2206861.0,0.0,133087
133317,7304,8412,2211230.0,0.0,133318
133324,7305,8412,2211312.0,0.0,133325
133331,7305,8412,2211370.0,0.0,133332
133356,2145,8412,2211755.0,0.0,133357
133628,982,8412,2215622.0,0.0,133629
133904,6249,8412,2218897.0,0.0,133905
134146,659,8412,2221579.0,0.0,134147
134154,659,8412,2221692.0,0.0,134155
134168,320,8412,2221871.0,0.0,134169
134339,243,8412,2224034.0,0.0,134340
134366,430,8412,2224382.0,0.0,134367
134403,430,8412,2225015.0,0.0,134404
134411,430,8412,2225193.0,0.0,134412
134421,430,8412,2225358.0,0.0,134422
134453,7357,8412,2225802.0,0.0,134454
134547,7128,8412,2227101.0,0.0,134548
134566,2116,8412,2227323.0,0.0,134567
134611,2116,8412,2228187.0,0.0,134612
134665,7366,8412,2229064.0,0.0,134666
134682,2116,8412,2229362.0,0.0,134683
134696,585,8412,2229601.0,0.0,134697
134714,2253,8412,2229886.0,0.0,134715
134716,2253,8412,2229901.0,0.0,134717
134812,4867,8412,2230883.0,0.0,134813
134833,320,8412,2231182.0,0.0,134834
134874,2253,8412,2231887.0,0.0,134875
134892,2253,8412,2232177.0,0.0,134893
134895,2253,8412,2232192.0,0.0,134896
134899,2253,8412,2232336.0,0.0,134900
134935,2145,8412,2232752.0,0.0,134936
134972,2253,8412,2233236.0,0.0,134973
134977,2253,8412,2233283.0,0.0,134978
134989,2253,8412,2233453.0,0.0,134990
134997,2253,8412,2233516.0,0.0,134998
134999,2253,8412,2233564.0,0.0,135000
135014,982,8412,2233689.0,0.0,135015
135062,2145,8412,2234406.0,0.0,135063
135065,2145,8412,2234452.0,0.0,135066
135068,2145,8412,2234513.0,0.0,135069
135071,2145,8412,2234568.0,0.0,135072
135080,2253,8412,2234641.0,0.0,135081
135095,2253,8412,2234758.0,0.0,135096
135099,2253,8412,2234780.0,0.0,135100
135110,2253,8412,2234848.0,0.0,135111
135176,2116,8412,2235724.0,0.0,135177
135180,2253,8412,2235780.0,0.0,135181
135233,2867,8412,2236625.0,0.0,135234
135266,934,8412,2237166.0,0.0,135267
135276,2867,8412,2237340.0,0.0,135277
135413,982,8412,2239078.0,0.0,135414
135442,982,8412,2239370.0,0.0,135443
135477,1763,8412,2239932.0,0.0,135478
135510,676,8412,2240379.0,0.0,135511
135539,982,8412,2240998.0,0.0,135540
135585,540,8412,2241907.0,0.0,135586
135699,2253,8412,2243875.0,0.0,135700
135700,2253,8412,2243891.0,0.0,135701
135708,2253,8412,2244028.0,0.0,135709
135714,2253,8412,2244146.0,0.0,135715
135717,2253,8412,2244165.0,0.0,135718
135720,2253,8412,2244190.0,0.0,135721
135730,2253,8412,2244614.0,0.0,135731
135770,2437,8412,2245342.0,0.0,135771
135774,2437,8412,2245370.0,0.0,135775
135788,982,8412,2245618.0,0.0,135789
135799,676,8412,2245744.0,0.0,135800
135850,982,8412,2246592.0,0.0,135851
135859,982,8412,2246672.0,0.0,135860
135881,982,8412,2247134.0,0.0,135882
135913,982,8412,2247510.0,0.0,135914
135948,982,8412,2248202.0,0.0,135949
136988,2578,8412,2263044.0,0.0,136989
137042,2578,8412,2264052.0,0.0,137043
137058,320,8412,2264417.0,0.0,137059
137059,37,8412,2264422.0,0.0,137060
137063,37,8412,2264485.0,0.0,137064
137065,37,8412,2264519.0,0.0,137066
137078,2908,8412,2264744.0,0.0,137079
137091,320,8412,2264912.0,0.0,137092
137203,676,8412,2266645.0,0.0,137204
137464,2145,8412,2271437.0,0.0,137465
137729,3969,8412,2273758.0,0.0,137730
137939,37,8412,2278357.0,0.0,137940
138018,430,8412,2280288.0,0.0,138019
138045,430,8412,2280791.0,0.0,138046
138049,2585,8412,2280873.0,0.0,138050
138099,676,8412,2282011.0,0.0,138100
138162,582,8412,2283203.0,0.0,138163
138227,982,8412,2284763.0,0.0,138228
138264,982,8412,2285492.0,0.0,138265
138283,325,8412,2285770.0,0.0,138284
138301,982,8412,2286144.0,0.0,138302
138352,7515,8412,2287704.0,0.0,138353
138355,7515,8412,2287786.0,0.0,138356
138360,37,8412,2287856.0,0.0,138361
138548,1405,8412,2293221.0,0.0,138549
138550,1405,8412,2293259.0,0.0,138551
138552,1405,8412,2293286.0,0.0,138553
138835,2474,8412,2299213.0,0.0,138836
138895,320,8412,2300065.0,0.0,138896
139353,320,8412,2307014.0,0.0,139354
139452,2253,8412,2308654.0,0.0,139453
139464,2253,8412,2308877.0,0.0,139465
139710,320,8412,2312747.0,0.0,139711
140149,2585,8412,2319385.0,0.0,140150
140229,982,8412,2320657.0,0.0,140230
140501,7611,8412,2323618.0,0.0,140502
140510,7611,8412,2323768.0,0.0,140511
140637,871,8412,2325229.0,0.0,140638
140735,1340,8412,2327020.0,0.0,140736
140935,982,8412,2329751.0,0.0,140936
140973,3850,8412,2330150.0,0.0,140974
141066,982,8412,2331028.0,0.0,141067
141116,2908,8412,2331693.0,0.0,141117
141118,2908,8412,2331709.0,0.0,141119
141189,2145,8412,2333252.0,0.0,141190
141313,585,8412,2335015.0,0.0,141314
141372,2908,8412,2336011.0,0.0,141373
141466,982,8412,2337464.0,0.0,141467
141646,3975,8412,2340267.0,0.0,141647
141688,320,8412,2340736.0,0.0,141689
141698,320,8412,2340879.0,0.0,141699
141719,320,8412,2341202.0,0.0,141720
141749,320,8412,2341630.0,0.0,141750
142087,7663,8412,2347541.0,0.0,142088
142180,7668,8412,2350114.0,0.0,142181
142188,535,8412,2350670.0,0.0,142189
142191,535,8412,2350831.0,0.0,142192
142226,3441,8412,2351934.0,0.0,142227
142227,3441,8412,2351951.0,0.0,142228
142279,6377,8412,2353090.0,0.0,142280
142301,676,8412,2353508.0,0.0,142302
142716,535,8412,2363601.0,0.0,142717
142765,37,8412,2365039.0,0.0,142766
142900,430,8412,2369036.0,0.0,142901
142932,430,8412,2369714.0,0.0,142933
142938,430,8412,2369904.0,0.0,142939
142955,430,8412,2370365.0,0.0,142956
142965,430,8412,2370545.0,0.0,142966
142995,1281,8412,2371566.0,0.0,142996
143002,430,8412,2371729.0,0.0,143003
143021,430,8412,2372279.0,0.0,143022
143060,430,8412,2372981.0,0.0,143061
143213,1893,8412,2376091.0,0.0,143214
143289,37,8412,2377941.0,0.0,143290
143292,37,8412,2378000.0,0.0,143293
143397,659,8412,2381007.0,0.0,143398
143405,7715,8412,2381274.0,0.0,143406
143406,7715,8412,2381340.0,0.0,143407
143407,7715,8412,2381402.0,0.0,143408
143418,585,8412,2381822.0,0.0,143419
143434,982,8412,2382100.0,0.0,143435
143507,1763,8412,2384083.0,0.0,143508
143820,320,8412,2389351.0,0.0,143821
143823,2099,8412,2389402.0,0.0,143824
143830,320,8412,2389543.0,0.0,143831
143834,535,8412,2389622.0,0.0,143835
143857,3498,8412,2390089.0,0.0,143858
144083,243,8412,2394346.0,0.0,144084
144100,320,8412,2394733.0,0.0,144101
144134,320,8412,2395309.0,0.0,144135
144248,659,8412,2397840.0,0.0,144249
144301,3032,8412,2398613.0,0.0,144302
144305,3032,8412,2398664.0,0.0,144306
144433,320,8412,2401179.0,0.0,144434
144438,320,8412,2401245.0,0.0,144439
144440,320,8412,2401299.0,0.0,144441
144447,7668,8412,2401472.0,0.0,144448
144451,320,8412,2401549.0,0.0,144452
144587,2379,8412,2404065.0,0.0,144588
144701,6377,8412,2406281.0,0.0,144702
144722,2145,8412,2406772.0,0.0,144723
144740,2379,8412,2407183.0,0.0,144741
144744,2379,8412,2407295.0,0.0,144745
144931,928,8412,2411801.0,0.0,144932
144937,2474,8412,2411940.0,0.0,144938
144946,928,8412,2412180.0,0.0,144947
144961,430,8412,2412601.0,0.0,144962
144978,430,8412,2412797.0,0.0,144979
144990,571,8412,2413119.0,0.0,144991
145010,1405,8412,2413539.0,0.0,145011
145029,3975,8412,2413946.0,0.0,145030
145457,1221,8412,2421473.0,0.0,145458
145463,2116,8412,2421593.0,0.0,145464
145474,1221,8412,2421710.0,0.0,145475
145482,2116,8412,2421806.0,0.0,145483
145483,1221,8412,2421818.0,0.0,145484
145486,2116,8412,2421833.0,0.0,145487
145506,1221,8412,2422049.0,0.0,145507
145509,7797,8412,2422072.0,0.0,145510
145513,1221,8412,2422149.0,0.0,145514
145668,540,8412,2424829.0,0.0,145669
145679,571,8412,2425146.0,0.0,145680
145712,982,8412,2426076.0,0.0,145713
145720,37,8412,2426195.0,0.0,145721
145888,4086,8412,2429943.0,0.0,145889
145952,676,8412,2431498.0,0.0,145953
145990,37,8412,2432576.0,0.0,145991
145992,37,8412,2432601.0,0.0,145993
145993,37,8412,2432621.0,0.0,145994
146016,37,8412,2433333.0,0.0,146017
146079,69,8412,2434542.0,0.0,146080
146143,320,8412,2436423.0,0.0,146144
146191,540,8412,2437663.0,0.0,146192
146218,494,8412,2438139.0,0.0,146219
146317,463,8412,2440430.0,0.0,146318
146471,582,8412,2444570.0,0.0,146472
146788,3840,8412,2449818.0,0.0,146789
146919,430,8412,2452938.0,0.0,146920
146969,430,8412,2453948.0,0.0,146970
146979,430,8412,2454124.0,0.0,146980
147007,430,8412,2454986.0,0.0,147008
147014,430,8412,2455176.0,0.0,147015
147025,430,8412,2455397.0,0.0,147026
147048,430,8412,2455780.0,0.0,147049
147087,2379,8412,2456531.0,0.0,147088
147124,676,8412,2457446.0,0.0,147125
147153,676,8412,2458174.0,0.0,147154
147173,2585,8412,2458620.0,0.0,147174
147223,243,8412,2460035.0,0.0,147224
147262,485,8412,2460741.0,0.0,147263
147296,37,8412,2461431.0,0.0,147297
147309,5274,8412,2461839.0,0.0,147310
147315,2474,8412,2461950.0,0.0,147316
147316,2474,8412,2461968.0,0.0,147317
147347,6300,8412,2462723.0,0.0,147348
147365,2379,8412,2463183.0,0.0,147366
147487,7864,8412,2465726.0,0.0,147488
147510,2116,8412,2466187.0,0.0,147511
147530,571,8412,2466551.0,0.0,147531
147574,982,8412,2467500.0,0.0,147575
147587,982,8412,2467662.0,0.0,147588
147674,676,8412,2469663.0,0.0,147675
147709,7876,8412,2470349.0,0.0,147710
147719,676,8412,2470548.0,0.0,147720
147845,7883,8412,2472835.0,0.0,147846
147849,7883,8412,2472891.0,0.0,147850
147891,871,8412,2473436.0,0.0,147892
147927,2253,8412,2474024.0,0.0,147928
147928,2253,8412,2474073.0,0.0,147929
147930,2253,8412,2474162.0,0.0,147931
148062,2253,8412,2476980.0,0.0,148063
148075,2253,8412,2477238.0,0.0,148076
148103,2099,8412,2477804.0,0.0,148104
148109,934,8412,2477837.0,0.0,148110
148221,7896,8412,2479415.0,0.0,148222
148362,659,8412,2481205.0,0.0,148363
148373,659,8412,2481343.0,0.0,148374
148418,320,8412,2481904.0,0.0,148419
148443,320,8412,2482257.0,0.0,148444
148449,320,8412,2482313.0,0.0,148450
148455,320,8412,2482379.0,0.0,148456
148468,2253,8412,2482558.0,0.0,148469
148476,2253,8412,2482644.0,0.0,148477
148490,320,8412,2482875.0,0.0,148491
148502,2253,8412,2483015.0,0.0,148503
148505,2253,8412,2483037.0,0.0,148506
148963,2585,8412,2490239.0,0.0,148964
149011,332,8412,2491199.0,0.0,149012
149016,332,8412,2491256.0,0.0,149017
149221,585,8412,2494845.0,0.0,149222
149388,6912,8412,2497774.0,0.0,149389
149531,7928,8412,2500963.0,0.0,149532
149533,7928,8412,2500985.0,0.0,149534
149559,2145,8412,2501396.0,0.0,149560
149619,571,8412,2502351.0,0.0,149620
149784,582,8412,2505462.0,0.0,149785
149799,463,8412,2505654.0,0.0,149800
149802,463,8412,2505695.0,0.0,149803
149810,463,8412,2505838.0,0.0,149811
149816,37,8412,2505949.0,0.0,149817
149830,37,8412,2506283.0,0.0,149831
149832,37,8412,2506334.0,0.0,149833
149836,37,8412,2506367.0,0.0,149837
149837,37,8412,2506402.0,0.0,149838
150130,1405,8412,2512653.0,0.0,150131
150269,535,8412,2516432.0,0.0,150270
150272,120,8412,2516467.0,0.0,150273
150386,571,8412,2519016.0,0.0,150387
150388,571,8412,2519084.0,0.0,150389
150658,320,8412,2526998.0,0.0,150659
150709,320,8412,2528729.0,0.0,150710
150718,37,8412,2528891.0,0.0,150719
150735,4826,8412,2529492.0,0.0,150736
150743,37,8412,2529841.0,0.0,150744
150810,2437,8412,2531183.0,0.0,150811
150819,37,8412,2531330.0,0.0,150820
150828,7976,8412,2531692.0,0.0,150829
151178,676,8412,2540290.0,0.0,151179
151235,430,8412,2541438.0,0.0,151236
151255,430,8412,2542032.0,0.0,151256
151270,430,8412,2542344.0,0.0,151271
151278,430,8412,2542676.0,0.0,151279
151297,430,8412,2543172.0,0.0,151298
151400,430,8412,2545813.0,0.0,151401
151413,676,8412,2545987.0,0.0,151414
151421,430,8412,2546112.0,0.0,151422
151616,2116,8412,2549869.0,0.0,151617
151629,37,8412,2550174.0,0.0,151630
151634,37,8412,2550265.0,0.0,151635
151646,2116,8412,2550437.0,0.0,151647
151654,37,8412,2550563.0,0.0,151655
151878,494,8412,2556125.0,0.0,151879
151888,494,8412,2556218.0,0.0,151889
152060,8018,8412,2560055.0,0.0,152061
152064,8018,8412,2560126.0,0.0,152065
152118,2116,8412,2561404.0,0.0,152119
152307,2655,8412,2564856.0,0.0,152308
152355,2253,8412,2565569.0,0.0,152356
152363,2253,8412,2565659.0,0.0,152364
152466,320,8412,2566989.0,0.0,152467
152694,1405,8412,2570368.0,0.0,152695
152770,982,8412,2571594.0,0.0,152771
152785,982,8412,2571763.0,0.0,152786
152818,982,8412,2572142.0,0.0,152819
152844,982,8412,2572697.0,0.0,152845
152959,320,8412,2574248.0,0.0,152960
153103,6441,8412,2576511.0,0.0,153104
153256,320,8412,2579299.0,0.0,153257
153359,571,8412,2581409.0,0.0,153360
153591,2542,8412,2586556.0,0.0,153592
153664,982,8412,2588397.0,0.0,153665
153672,585,8412,2588644.0,0.0,153673
153700,676,8412,2589564.0,0.0,153701
153726,676,8412,2590386.0,0.0,153727
153755,8087,8412,2590988.0,0.0,153756
153759,8087,8412,2591030.0,0.0,153760
153850,582,8412,2592393.0,0.0,153851
153891,37,8412,2593215.0,0.0,153892
153893,585,8412,2593252.0,0.0,153894
153895,37,8412,2593298.0,0.0,153896
153897,37,8412,2593340.0,0.0,153898
153905,37,8412,2593607.0,0.0,153906
153919,2253,8412,2593864.0,0.0,153920
153921,2253,8412,2593889.0,0.0,153922
153929,37,8412,2593974.0,0.0,153930
154025,571,8412,2596001.0,0.0,154026
154031,571,8412,2596134.0,0.0,154032
154113,320,8412,2598110.0,0.0,154114
154118,320,8412,2598276.0,0.0,154119
154182,8102,8412,2600509.0,0.0,154183
154241,1933,8412,2602459.0,0.0,154242
154244,1933,8412,2602540.0,0.0,154245
154252,320,8412,2602657.0,0.0,154253
154423,982,8412,2607860.0,0.0,154424
154434,2145,8412,2608208.0,0.0,154435
154437,2145,8412,2608330.0,0.0,154438
154687,966,8412,2616689.0,0.0,154688
154691,966,8412,2616731.0,0.0,154692
154692,966,8412,2616779.0,0.0,154693
154726,676,8412,2618017.0,0.0,154727
154745,37,8412,2618697.0,0.0,154746
154751,37,8412,2618822.0,0.0,154752
154753,37,8412,2618863.0,0.0,154754
154913,485,8412,2624621.0,0.0,154914
154938,2134,8412,2625298.0,0.0,154939
154945,2134,8412,2625449.0,0.0,154946
154962,430,8412,2625811.0,0.0,154963
155042,676,8412,2627716.0,0.0,155043
155100,2867,8412,2629039.0,0.0,155101
155103,37,8412,2629102.0,0.0,155104
155107,37,8412,2629204.0,0.0,155108
155134,585,8412,2629749.0,0.0,155135
155262,1221,8412,2631953.0,0.0,155263
155265,1221,8412,2632051.0,0.0,155266
155266,1221,8412,2632072.0,0.0,155267
155341,982,8412,2633501.0,0.0,155342
155344,982,8412,2633567.0,0.0,155345
155347,982,8412,2633598.0,0.0,155348
155403,836,8412,2634545.0,0.0,155404
155439,868,8412,2635274.0,0.0,155440
155450,37,8412,2635501.0,0.0,155451
155452,37,8412,2635637.0,0.0,155453
155458,430,8412,2635932.0,0.0,155459
155488,2437,8412,2636563.0,0.0,155489
155592,494,8412,2639691.0,0.0,155593
155597,494,8412,2639769.0,0.0,155598
155606,494,8412,2639857.0,0.0,155607
155631,8160,8412,2640159.0,0.0,155632
155635,8160,8412,2640209.0,0.0,155636
155647,2908,8412,2640375.0,0.0,155648
155675,494,8412,2641095.0,0.0,155676
155676,494,8412,2641129.0,0.0,155677
155679,676,8412,2641307.0,0.0,155680
155749,1339,8412,2642828.0,0.0,155750
155794,8160,8412,2643533.0,0.0,155795
155988,535,8412,2648437.0,0.0,155989
156200,2074,8412,2652165.0,0.0,156201
156761,1043,8412,2661695.0,0.0,156762
156863,582,8412,2663627.0,0.0,156864
156985,5593,8412,2666404.0,0.0,156986
157037,320,8412,2667826.0,0.0,157038
157040,2145,8412,2667888.0,0.0,157041
157076,37,8412,2668676.0,0.0,157077
157256,56,8412,2672808.0,0.0,157257
157319,37,8412,2674057.0,0.0,157320
