dataset,model,encoder,estimated_total_time_hours,Adjusted Running Time (hours),Evaluation Time Early Stopping (25%),Evaluation Time Negative (10%),All Training Time ,All Time 
Contacts,TGAT,kan_mammote_dual_kmote,758.9516496,698.2355176,174.5588794,69.82355176,872.794397,942.6179488
SocialEvo,TGAT,kan_mammote_dual_kmote,638.4959747,587.4162967,146.8540742,58.74162967,734.2703709,793.0120006
Flights,TGAT,kan_mammote_dual_kmote,587.4112953,540.4183917,135.1045979,54.04183917,675.5229896,729.5648288
lastfm,TGAT,kan_mammote_dual_kmote,388.7375688,357.6385633,89.40964082,35.76385633,447.0482041,482.8120604
UNvote,TGAT,kan_mammote_dual_kmote,326.6791407,300.5448094,75.13620236,30.05448094,375.6810118,405.7354927
lastfm,DyGMamba,kan_mammote_dual_kmote,265.5130039,185.85,46.4625,18.585,232.3125,250.8975
Flights,DyGMamba,kan_mammote_dual_kmote,226.7707254,158.73,39.6825,15.873,198.4125,214.2855
reddit,TGAT,kan_mammote_dual_kmote,224.3853408,157.069,39.26725,15.7069,196.33625,212.04315
UNtrade,TGAT,kan_mammote_dual_kmote,148.54321,118.83,29.7075,11.883,148.5375,160.4205
mooc,TGAT,kan_mammote_dual_kmote,121.926151,97.54,24.385,9.754,121.925,131.679
lastfm,DyGMamba,mercer,107.1559169,107.1559169,26.78897923,10.71559169,133.9448961,144.6604878
Flights,DyGMamba,mercer,104.874379,104.874379,26.21859475,10.4874379,131.0929738,141.5804117
Contacts,DyGMamba,kan_mammote_dual_kmote,99.34966365,99.34966365,24.83741591,9.934966365,124.1870796,134.1220459
lastfm,DyGMamba,lete,90.83340557,90.83340557,22.70835139,9.083340557,113.541757,122.6250975
Contacts,TGAT,mercer,90.32043373,90.32043373,22.58010843,9.032043373,112.9005422,121.9325855
Flights,DyGMamba,lete,88.68331277,88.68331277,22.17082819,8.868331277,110.854141,119.7224722
SocialEvo,DyGMamba,kan_mammote_dual_kmote,86.6905892,86.6905892,21.6726473,8.66905892,108.3632365,117.0322954
lastfm,DyGMamba,time2vec,85.87365077,85.87365077,21.46841269,8.587365077,107.3420635,115.9294285
Flights,DyGMamba,time2vec,85.02928294,85.02928294,21.25732074,8.502928294,106.2866037,114.789532
Contacts,DyGFormer,kan_mammote_dual_kmote,79.96953058,79.96953058,19.99238265,7.996953058,99.96191323,107.9588663
SocialEvo,TGAT,mercer,77.91121316,77.91121316,19.47780329,7.791121316,97.38901645,105.1801378
UNvote,DyGMamba,kan_mammote_dual_kmote,76.37231892,76.37231892,19.09307973,7.637231892,95.46539865,103.1026305
Contacts,TGN,kan_mammote_dual_kmote,75.74615831,75.74615831,18.93653958,7.574615831,94.68269789,102.2573137
lastfm,DyGFormer,kan_mammote_dual_kmote,71.06650922,71.06650922,17.76662731,7.106650922,88.83313653,95.93978745
SocialEvo,DyGFormer,kan_mammote_dual_kmote,67.51007261,67.51007261,16.87751815,6.751007261,84.38759076,91.13859802
Contacts,DyGMamba,lete,66.04449933,66.04449933,16.51112483,6.604449933,82.55562416,89.1600741
Flights,TGAT,mercer,65.27300218,65.27300218,16.31825055,6.527300218,81.59125273,88.11855294
Flights,TGN,kan_mammote_dual_kmote,64.65503209,64.65503209,16.16375802,6.465503209,80.81879011,87.28429332
Contacts,DyGMamba,mercer,64.18220089,64.18220089,16.04555022,6.418220089,80.22775111,86.6459712
Contacts,DyGMamba,time2vec,63.65039816,63.65039816,15.91259954,6.365039816,79.5629977,85.92803752
Contacts,TGAT,lete,63.12036097,63.12036097,15.78009024,6.312036097,78.90045121,85.21248731
SocialEvo,TGN,kan_mammote_dual_kmote,62.52744728,62.52744728,15.63186182,6.252744728,78.1593091,84.41205383
SocialEvo,DyGMamba,lete,59.11308842,59.11308842,14.77827211,5.911308842,73.89136053,79.80266937
UNtrade,DyGMamba,kan_mammote_dual_kmote,57.76767254,57.76767254,14.44191814,5.776767254,72.20959068,77.98635793
SocialEvo,DyGMamba,mercer,57.65313127,57.65313127,14.41328282,5.765313127,72.06641409,77.83172721
Contacts,TGAT,time2vec,56.57510343,56.57510343,14.14377586,5.657510343,70.71887929,76.37638963
SocialEvo,DyGMamba,time2vec,56.06727354,56.06727354,14.01681839,5.606727354,70.08409193,75.69081928
SocialEvo,TGAT,lete,54.75938571,54.75938571,13.68984643,5.475938571,68.44923214,73.92517071
Contacts,DyGFormer,lete,52.77829582,52.77829582,13.19457396,5.277829582,65.97286978,71.25069936
Contacts,DyGFormer,mercer,52.55737666,52.55737666,13.13934417,5.255737666,65.69672083,70.95245849
Contacts,DyGFormer,time2vec,51.05627682,51.05627682,12.76406921,5.105627682,63.82034603,68.92597371
UNvote,DyGFormer,kan_mammote_dual_kmote,48.69158227,48.69158227,12.17289557,4.869158227,60.86447784,65.73363606
SocialEvo,TGAT,time2vec,48.62983786,48.62983786,12.15745947,4.862983786,60.78729733,65.65028111
Flights,DyGFormer,kan_mammote_dual_kmote,48.48431033,48.48431033,12.12107758,4.848431033,60.60538791,65.45381895
mooc,DyGMamba,kan_mammote_dual_kmote,47.22000715,47.22000715,11.80500179,4.722000715,59.02500894,63.74700965
SocialEvo,DyGFormer,mercer,47.17009448,47.17009448,11.79252362,4.717009448,58.9626181,63.67962755
lastfm,TGAT,mercer,46.42394821,46.42394821,11.60598705,4.642394821,58.02993526,62.67233008
SocialEvo,DyGFormer,lete,45.13169362,45.13169362,11.28292341,4.513169362,56.41461703,60.92778639
SocialEvo,DyGFormer,time2vec,44.55956741,44.55956741,11.13989185,4.455956741,55.69945926,60.155416
wikipedia,TGAT,kan_mammote_dual_kmote,43.61378466,43.61378466,10.90344617,4.361378466,54.51723083,58.87860929
Flights,TGAT,lete,43.35805001,43.35805001,10.8395125,4.335805001,54.19756251,58.53336751
UNvote,DyGMamba,mercer,40.94961163,40.94961163,10.23740291,4.094961163,51.18701454,55.2819757
Contacts,TCL,kan_mammote_dual_kmote,39.86260972,39.86260972,9.96565243,3.986260972,49.82826215,53.81452312
UNvote,DyGMamba,lete,39.33723293,39.33723293,9.834308233,3.933723293,49.17154116,53.10526446
reddit,TGAT,mercer,39.28255152,39.28255152,9.82063788,3.928255152,49.1031894,53.03144455
lastfm,TGN,kan_mammote_dual_kmote,38.92315252,38.92315252,9.73078813,3.892315252,48.65394065,52.5462559
UNvote,DyGMamba,time2vec,37.84770238,37.84770238,9.461925595,3.784770238,47.30962798,51.09439821
enron,TGAT,kan_mammote_dual_kmote,37.54115038,37.54115038,9.385287595,3.754115038,46.92643798,50.68055301
Flights,TGAT,time2vec,37.4678418,37.4678418,9.36696045,3.74678418,46.83480225,50.58158643
UNvote,TGAT,mercer,36.60025259,36.60025259,9.150063148,3.660025259,45.75031574,49.410341
Flights,DyGFormer,lete,34.04209272,34.04209272,8.51052318,3.404209272,42.5526159,45.95682517
reddit,DyGMamba,kan_mammote_dual_kmote,33.87000108,33.87000108,8.46750027,3.387000108,42.33750135,45.72450146
SocialEvo,TCL,kan_mammote_dual_kmote,33.84723338,33.84723338,8.461808345,3.384723338,42.30904173,45.69376506
Flights,DyGFormer,time2vec,33.58726784,33.58726784,8.39681696,3.358726784,41.9840848,45.34281158
UNvote,TGN,kan_mammote_dual_kmote,33.48896353,33.48896353,8.372240883,3.348896353,41.86120441,45.21010077
lastfm,DyGFormer,mercer,33.36795599,33.36795599,8.341988998,3.336795599,41.70994499,45.04674059
Flights,DyGFormer,mercer,33.09221254,33.09221254,8.273053135,3.309221254,41.36526568,44.67448693
Flights,TCL,kan_mammote_dual_kmote,32.23541212,32.23541212,8.05885303,3.223541212,40.29426515,43.51780636
lastfm,TGAT,lete,32.19299701,32.19299701,8.048249253,3.219299701,40.24124626,43.46054596
reddit,TGAT,lete,32.03890412,32.03890412,8.00972603,3.203890412,40.04863015,43.25252056
lastfm,DyGFormer,lete,29.9257464,29.9257464,7.4814366,2.99257464,37.407183,40.39975764
lastfm,DyGFormer,time2vec,29.85471124,29.85471124,7.46367781,2.985471124,37.31838905,40.30386017
reddit,TGAT,time2vec,29.59859327,29.59859327,7.399648318,2.959859327,36.99824159,39.95810091
lastfm,TGAT,time2vec,27.88634765,27.88634765,6.971586913,2.788634765,34.85793456,37.64656933
mooc,DyGFormer,kan_mammote_dual_kmote,27.50614402,27.50614402,6.876536005,2.750614402,34.38268003,37.13329443
UNvote,DyGFormer,mercer,26.23255398,26.23255398,6.558138495,2.623255398,32.79069248,35.41394787
UNtrade,DyGMamba,mercer,25.92749769,25.92749769,6.481874423,2.592749769,32.40937211,35.00212188
UNvote,TGAT,lete,25.89684108,25.89684108,6.47421027,2.589684108,32.37105135,34.96073546
reddit,DyGFormer,kan_mammote_dual_kmote,24.6046095,24.6046095,6.151152375,2.46046095,30.75576188,33.21622283
UNvote,DyGFormer,lete,24.59487087,24.59487087,6.148717718,2.459487087,30.74358859,33.20307567
CanParl,TGAT,kan_mammote_dual_kmote,24.13983453,24.13983453,6.034958633,2.413983453,30.17479316,32.58877662
UNvote,DyGFormer,time2vec,24.07000519,24.07000519,6.017501298,2.407000519,30.08750649,32.49450701
UNtrade,DyGMamba,time2vec,22.50912393,22.50912393,5.627280983,2.250912393,28.13640491,30.38731731
reddit,TGN,kan_mammote_dual_kmote,22.25487552,22.25487552,5.56371888,2.225487552,27.8185944,30.04408195
UNtrade,DyGMamba,lete,22.11469284,22.11469284,5.52867321,2.211469284,27.64336605,29.85483533
UNvote,TGAT,time2vec,21.95746636,21.95746636,5.48936659,2.195746636,27.44683295,29.64257959
CanParl,DyGMamba,mercer,21.6453767,21.6453767,5.411344175,2.16453767,27.05672088,29.22125855
mooc,DyGMamba,mercer,21.20406834,21.20406834,5.301017085,2.120406834,26.50508543,28.62549226
lastfm,TCL,kan_mammote_dual_kmote,20.97908158,20.97908158,5.244770395,2.097908158,26.22385198,28.32176013
reddit,DyGMamba,mercer,20.29163473,20.29163473,5.072908683,2.029163473,25.36454341,27.39370689
reddit,DyGMamba,lete,19.62316268,19.62316268,4.90579067,1.962316268,24.52895335,26.49126962
mooc,DyGMamba,lete,19.24700121,19.24700121,4.811750303,1.924700121,24.05875151,25.98345163
reddit,DyGMamba,time2vec,18.96871991,18.96871991,4.742179978,1.896871991,23.71089989,25.60777188
uci,TGAT,kan_mammote_dual_kmote,18.53891073,18.53891073,4.634727683,1.853891073,23.17363841,25.02752949
USLegis,TGAT,kan_mammote_dual_kmote,18.41119627,18.41119627,4.602799068,1.841119627,23.01399534,24.85511496
mooc,DyGMamba,time2vec,18.3706499,18.3706499,4.592662475,1.83706499,22.96331238,24.80037737
UNvote,TCL,kan_mammote_dual_kmote,18.15594927,18.15594927,4.538987318,1.815594927,22.69493659,24.51053151
CanParl,DyGMamba,lete,17.05577533,17.05577533,4.263943833,1.705577533,21.31971916,23.0252967
Contacts,TCL,lete,16.69292273,16.69292273,4.173230683,1.669292273,20.86615341,22.53544569
CanParl,DyGMamba,time2vec,16.45103163,16.45103163,4.112757908,1.645103163,20.56378954,22.2088927
UNtrade,TGAT,mercer,16.30240652,16.30240652,4.07560163,1.630240652,20.37800815,22.0082488
Contacts,TCL,mercer,16.2818647,16.2818647,4.070466175,1.62818647,20.35233088,21.98051735
Contacts,TCL,time2vec,15.32544924,15.32544924,3.83136231,1.532544924,19.15681155,20.68935647
reddit,DyGFormer,mercer,15.03815596,15.03815596,3.75953899,1.503815596,18.79769495,20.30151055
UNtrade,TGN,kan_mammote_dual_kmote,14.96794688,14.96794688,3.74198672,1.496794688,18.7099336,20.20672829
Flights,TGN,lete,14.93983321,14.93983321,3.734958303,1.493983321,18.67479151,20.16877483
mooc,DyGFormer,mercer,14.8027966,14.8027966,3.70069915,1.48027966,18.50349575,19.98377541
reddit,DyGFormer,lete,14.47495586,14.47495586,3.618738965,1.447495586,18.09369483,19.54119041
enron,DyGMamba,kan_mammote_dual_kmote,14.43957888,14.43957888,3.60989472,1.443957888,18.0494736,19.49343149
mooc,TGAT,mercer,14.29652959,14.29652959,3.574132398,1.429652959,17.87066199,19.30031495
SocialEvo,TCL,mercer,14.08013188,14.08013188,3.52003297,1.408013188,17.60016485,19.00817804
SocialEvo,TCL,lete,13.98222376,13.98222376,3.49555594,1.398222376,17.4777797,18.87600208
reddit,DyGFormer,time2vec,13.95774947,13.95774947,3.489437368,1.395774947,17.44718684,18.84296178
Flights,TCL,mercer,13.9108677,13.9108677,3.477716925,1.39108677,17.38858463,18.7796714
Flights,TGN,mercer,13.87594858,13.87594858,3.468987145,1.387594858,17.34493573,18.73253058
Flights,TGN,time2vec,13.21538254,13.21538254,3.303845635,1.321538254,16.51922818,17.84076643
mooc,DyGFormer,lete,13.1969838,13.1969838,3.29924595,1.31969838,16.49622975,17.81592813
enron,DyGFormer,kan_mammote_dual_kmote,13.17094888,13.17094888,3.29273722,1.317094888,16.4636861,17.78078099
SocialEvo,TCL,time2vec,12.99068201,12.99068201,3.247670503,1.299068201,16.23835251,17.53742071
Flights,TCL,lete,12.95707606,12.95707606,3.239269015,1.295707606,16.19634508,17.49205268
Contacts,TGN,lete,12.93383328,12.93383328,3.23345832,1.293383328,16.1672916,17.46067493
mooc,DyGFormer,time2vec,12.93059328,12.93059328,3.23264832,1.293059328,16.1632416,17.45630093
Flights,TCL,time2vec,12.72686798,12.72686798,3.181716995,1.272686798,15.90858498,17.18127177
mooc,TGN,kan_mammote_dual_kmote,12.51509632,12.51509632,3.12877408,1.251509632,15.6438704,16.89538003
UNtrade,DyGFormer,kan_mammote_dual_kmote,12.45476384,12.45476384,3.11369096,1.245476384,15.5684548,16.81393118
reddit,TCL,kan_mammote_dual_kmote,11.8462004,11.8462004,2.9615501,1.18462004,14.8077505,15.99237054
Contacts,TGN,mercer,11.6412887,11.6412887,2.910322175,1.16412887,14.55161088,15.71573975
UNtrade,TGAT,lete,10.94795427,10.94795427,2.736988568,1.094795427,13.68494284,14.77973826
Flights,JODIE,kan_mammote_dual_kmote,10.92401363,10.92401363,2.731003408,1.092401363,13.65501704,14.7474184
SocialEvo,TGN,lete,10.82757601,10.82757601,2.706894003,1.082757601,13.53447001,14.61722761
Contacts,TGN,time2vec,10.49400952,10.49400952,2.62350238,1.049400952,13.1175119,14.16691285
SocialEvo,TGN,mercer,10.1204351,10.1204351,2.530108775,1.01204351,12.65054388,13.66258739
mooc,TGAT,lete,9.865789671,9.865789671,2.466447418,0.986578967,12.33223709,13.31881606
Flights,JODIE,lete,9.78702852,9.78702852,2.44675713,0.978702852,12.23378565,13.2124885
UNtrade,TGAT,time2vec,9.59585927,9.59585927,2.398964818,0.959585927,11.99482409,12.95441001
Flights,JODIE,mercer,9.275223732,9.275223732,2.318805933,0.927522373,11.59402967,12.52155204
lastfm,TCL,lete,9.236834324,9.236834324,2.309208581,0.923683432,11.54604291,12.46972634
lastfm,TCL,mercer,9.169993031,9.169993031,2.292498258,0.916999303,11.46249129,12.37949059
Flights,JODIE,time2vec,8.91213557,8.91213557,2.228033893,0.891213557,11.14016946,12.03138302
mooc,TGAT,time2vec,8.83079719,8.83079719,2.207699298,0.883079719,11.03849649,11.92157621
SocialEvo,TGN,time2vec,8.820339432,8.820339432,2.205084858,0.882033943,11.02542429,11.90745823
UNtrade,DyGFormer,lete,8.646576056,8.646576056,2.161644014,0.864657606,10.80822007,11.67287768
UNtrade,DyGFormer,time2vec,8.370825622,8.370825622,2.092706406,0.837082562,10.46353203,11.30061459
UNtrade,DyGFormer,mercer,8.342786717,8.342786717,2.085696679,0.834278672,10.4284834,11.26276207
lastfm,TCL,time2vec,8.308300417,8.308300417,2.077075104,0.830830042,10.38537552,11.21620556
UNvote,TCL,lete,8.22903672,8.22903672,2.05725918,0.822903672,10.2862959,11.10919957
Contacts,JODIE,kan_mammote_dual_kmote,8.165264059,8.165264059,2.041316015,0.816526406,10.20658007,11.02310648
UNvote,TCL,mercer,7.947453993,7.947453993,1.986863498,0.794745399,9.934317491,10.72906289
UNvote,TGN,lete,7.877816412,7.877816412,1.969454103,0.787781641,9.847270515,10.63505216
UNtrade,TCL,kan_mammote_dual_kmote,7.730481205,7.730481205,1.932620301,0.773048121,9.663101506,10.43614963
UNvote,TCL,time2vec,7.412001822,7.412001822,1.853000456,0.741200182,9.265002278,10.00620246
UNvote,TGN,mercer,7.335247517,7.335247517,1.833811879,0.733524752,9.169059396,9.902584148
UNvote,TGN,time2vec,7.149456837,7.149456837,1.787364209,0.714945684,8.936821046,9.65176673
lastfm,TGN,lete,7.117635031,7.117635031,1.779408758,0.711763503,8.897043789,9.608807292
USLegis,DyGMamba,kan_mammote_dual_kmote,7.107408323,7.107408323,1.776852081,0.710740832,8.884260404,9.595001236
lastfm,TGN,mercer,6.867922937,6.867922937,1.716980734,0.686792294,8.584903671,9.271695965
enron,DyGFormer,mercer,6.74453753,6.74453753,1.686134383,0.674453753,8.430671913,9.105125666
SocialEvo,JODIE,kan_mammote_dual_kmote,6.689287751,6.689287751,1.672321938,0.668928775,8.361609689,9.030538464
mooc,TCL,kan_mammote_dual_kmote,6.634590486,6.634590486,1.658647622,0.663459049,8.293238108,8.956697156
Contacts,JODIE,mercer,6.448401863,6.448401863,1.612100466,0.644840186,8.060502329,8.705342515
enron,DyGMamba,mercer,6.34376434,6.34376434,1.585941085,0.634376434,7.929705425,8.564081859
Contacts,JODIE,lete,6.038881561,6.038881561,1.50972039,0.603888156,7.548601951,8.152490107
enron,DyGFormer,lete,5.947066908,5.947066908,1.486766727,0.594706691,7.433833635,8.028540326
Contacts,JODIE,time2vec,5.878145774,5.878145774,1.469536444,0.587814577,7.347682218,7.935496795
enron,DyGFormer,time2vec,5.82725026,5.82725026,1.456812565,0.582725026,7.284062825,7.866787851
wikipedia,DyGMamba,kan_mammote_dual_kmote,5.820014272,5.820014272,1.455003568,0.582001427,7.27501784,7.857019267
lastfm,TGN,time2vec,5.807552065,5.807552065,1.451888016,0.580755207,7.259440081,7.840195288
enron,DyGMamba,lete,5.683617989,5.683617989,1.420904497,0.568361799,7.104522486,7.672884285
reddit,TCL,lete,5.675984312,5.675984312,1.418996078,0.567598431,7.09498039,7.662578821
SocialEvo,JODIE,lete,5.553259421,5.553259421,1.388314855,0.555325942,6.941574276,7.496900218
reddit,TCL,mercer,5.465667115,5.465667115,1.366416779,0.546566712,6.832083894,7.378650605
enron,DyGMamba,time2vec,5.352165699,5.352165699,1.338041425,0.53521657,6.690207124,7.225423694
reddit,TCL,time2vec,5.28748797,5.28748797,1.321871993,0.528748797,6.609359963,7.13810876
SocialEvo,JODIE,mercer,5.100279996,5.100279996,1.275069999,0.510028,6.375349995,6.885377995
wikipedia,TGAT,mercer,5.038941213,5.038941213,1.259735303,0.503894121,6.298676516,6.802570638
reddit,TGN,mercer,5.010059255,5.010059255,1.252514814,0.501005926,6.262574069,6.763579994
reddit,TGN,lete,4.951220089,4.951220089,1.237805022,0.495122009,6.189025111,6.68414712
wikipedia,DyGFormer,kan_mammote_dual_kmote,4.744423612,4.744423612,1.186105903,0.474442361,5.930529515,6.404971876
SocialEvo,JODIE,time2vec,4.708141392,4.708141392,1.177035348,0.470814139,5.88517674,6.355990879
lastfm,JODIE,kan_mammote_dual_kmote,4.652323149,4.652323149,1.163080787,0.465232315,5.815403936,6.280636251
wikipedia,TGN,kan_mammote_dual_kmote,4.601899993,4.601899993,1.150474998,0.460189999,5.752374991,6.212564991
reddit,TGN,time2vec,4.57723803,4.57723803,1.144309508,0.457723803,5.721547538,6.179271341
enron,TGAT,mercer,4.524891041,4.524891041,1.13122276,0.452489104,5.656113801,6.108602905
wikipedia,DyGMamba,lete,3.937231838,3.937231838,0.98430796,0.393723184,4.921539798,5.315262981
CanParl,DyGFormer,kan_mammote_dual_kmote,3.890149851,3.890149851,0.972537463,0.389014985,4.862687314,5.251702299
CanParl,DyGMamba,kan_mammote_dual_kmote,3.890149851,3.890149851,0.972537463,0.389014985,4.862687314,5.251702299
UNvote,JODIE,lete,3.867561535,3.867561535,0.966890384,0.386756154,4.834451919,5.221208072
wikipedia,DyGMamba,mercer,3.827308512,3.827308512,0.956827128,0.382730851,4.78413564,5.166866491
enron,TGN,kan_mammote_dual_kmote,3.675341845,3.675341845,0.918835461,0.367534185,4.594177306,4.961711491
wikipedia,DyGMamba,time2vec,3.63347571,3.63347571,0.908368928,0.363347571,4.541844638,4.905192209
lastfm,JODIE,lete,3.630167817,3.630167817,0.907541954,0.363016782,4.537709771,4.900726553
reddit,JODIE,kan_mammote_dual_kmote,3.559250854,3.559250854,0.889812714,0.355925085,4.449063568,4.804988653
enron,TGAT,lete,3.554793835,3.554793835,0.888698459,0.355479384,4.443492294,4.798971677
lastfm,JODIE,time2vec,3.521805353,3.521805353,0.880451338,0.352180535,4.402256691,4.754437227
UNvote,JODIE,kan_mammote_dual_kmote,3.473351549,3.473351549,0.868337887,0.347335155,4.341689436,4.689024591
lastfm,JODIE,mercer,3.469537557,3.469537557,0.867384389,0.346953756,4.336921946,4.683875702
wikipedia,TGAT,lete,3.454717694,3.454717694,0.863679424,0.345471769,4.318397118,4.663868887
UNtrade,TCL,lete,3.315673859,3.315673859,0.828918465,0.331567386,4.144592324,4.47615971
USLegis,DyGMamba,mercer,3.286598812,3.286598812,0.821649703,0.328659881,4.108248515,4.436908396
UNtrade,TGN,lete,3.227343205,3.227343205,0.806835801,0.322734321,4.034179006,4.356913327
wikipedia,DyGFormer,lete,3.218681586,3.218681586,0.804670397,0.321868159,4.023351983,4.345220141
reddit,JODIE,lete,3.152012935,3.152012935,0.788003234,0.315201294,3.940016169,4.255217462
wikipedia,DyGFormer,mercer,3.151058065,3.151058065,0.787764516,0.315105807,3.938822581,4.253928388
UNtrade,TCL,mercer,3.141343142,3.141343142,0.785335786,0.314134314,3.926678928,4.240813242
UNtrade,TGN,mercer,3.137752882,3.137752882,0.784438221,0.313775288,3.922191103,4.235966391
wikipedia,TGAT,time2vec,3.086525505,3.086525505,0.771631376,0.308652551,3.858156881,4.166809432
wikipedia,DyGFormer,time2vec,3.027581234,3.027581234,0.756895309,0.302758123,3.784476543,4.087234666
UNtrade,TCL,time2vec,2.99340699,2.99340699,0.748351748,0.299340699,3.741758738,4.041099437
reddit,JODIE,time2vec,2.95076591,2.95076591,0.737691478,0.295076591,3.688457388,3.983533979
reddit,JODIE,mercer,2.939432859,2.939432859,0.734858215,0.293943286,3.674291074,3.96823436
mooc,TCL,mercer,2.923081439,2.923081439,0.73077036,0.292308144,3.653851799,3.946159943
USLegis,DyGMamba,time2vec,2.864363471,2.864363471,0.716090868,0.286436347,3.580454339,3.866890686
USLegis,DyGMamba,lete,2.848332747,2.848332747,0.712083187,0.284833275,3.560415934,3.845249208
enron,TGAT,time2vec,2.84073231,2.84073231,0.710183078,0.284073231,3.550915388,3.834988619
mooc,TCL,lete,2.770472958,2.770472958,0.69261824,0.277047296,3.463091198,3.740138493
UNtrade,TGN,time2vec,2.73142982,2.73142982,0.682857455,0.273142982,3.414287275,3.687430257
CanParl,TGAT,mercer,2.727068842,2.727068842,0.681767211,0.272706884,3.408836053,3.681542937
mooc,TCL,time2vec,2.652403388,2.652403388,0.663100847,0.265240339,3.315504235,3.580744574
UNvote,JODIE,time2vec,2.561625869,2.561625869,0.640406467,0.256162587,3.202032336,3.458194923
uci,DyGMamba,kan_mammote_dual_kmote,2.536985595,2.536985595,0.634246399,0.25369856,3.171231994,3.424930553
CanParl,TGN,kan_mammote_dual_kmote,2.446449764,2.446449764,0.611612441,0.244644976,3.058062205,3.302707181
mooc,TGN,lete,2.422082564,2.422082564,0.605520641,0.242208256,3.027603205,3.269811461
UNvote,JODIE,mercer,2.384972767,2.384972767,0.596243192,0.238497277,2.981215959,3.219713235
mooc,TGN,mercer,2.382353394,2.382353394,0.595588349,0.238235339,2.977941743,3.216177082
wikipedia,TCL,kan_mammote_dual_kmote,2.353572376,2.353572376,0.588393094,0.235357238,2.94196547,3.177322708
uci,TGAT,mercer,2.219287033,2.219287033,0.554821758,0.221928703,2.774108791,2.996037495
mooc,TGN,time2vec,2.178733339,2.178733339,0.544683335,0.217873334,2.723416674,2.941290008
USLegis,TGAT,mercer,2.005696257,2.005696257,0.501424064,0.200569626,2.507120321,2.707689947
enron,TCL,kan_mammote_dual_kmote,1.994598698,1.994598698,0.498649675,0.19945987,2.493248373,2.692708242
uci,DyGFormer,kan_mammote_dual_kmote,1.967556415,1.967556415,0.491889104,0.196755642,2.459445519,2.65620116
USLegis,TGN,kan_mammote_dual_kmote,1.889129308,1.889129308,0.472282327,0.188912931,2.361411635,2.550324566
CanParl,TGAT,lete,1.876292707,1.876292707,0.469073177,0.187629271,2.345365884,2.532995154
uci,TGN,kan_mammote_dual_kmote,1.846335894,1.846335894,0.461583974,0.184633589,2.307919868,2.492553457
CanParl,DyGFormer,mercer,1.795797093,1.795797093,0.448949273,0.179579709,2.244746366,2.424326076
UNtrade,JODIE,lete,1.784566441,1.784566441,0.44614161,0.178456644,2.230708051,2.409164695
CanParl,DyGFormer,lete,1.732314412,1.732314412,0.433078603,0.173231441,2.165393015,2.338624456
CanParl,DyGFormer,time2vec,1.732215959,1.732215959,0.43305399,0.173221596,2.165269949,2.338491545
mooc,JODIE,kan_mammote_dual_kmote,1.713052165,1.713052165,0.428263041,0.171305217,2.141315206,2.312620423
UNtrade,JODIE,kan_mammote_dual_kmote,1.683153905,1.683153905,0.420788476,0.168315391,2.103942381,2.272257772
CanParl,TGAT,time2vec,1.62975853,1.62975853,0.407439633,0.162975853,2.037198163,2.200174016
uci,DyGMamba,lete,1.629714068,1.629714068,0.407428517,0.162971407,2.037142585,2.200113992
uci,DyGMamba,mercer,1.607253204,1.607253204,0.401813301,0.16072532,2.009066505,2.169791825
uci,TGAT,lete,1.522692312,1.522692312,0.380673078,0.152269231,1.90336539,2.055634621
USLegis,DyGFormer,kan_mammote_dual_kmote,1.519243686,1.519243686,0.379810922,0.151924369,1.899054608,2.050978976
uci,DyGMamba,time2vec,1.518667454,1.518667454,0.379666864,0.151866745,1.898334318,2.050201063
mooc,JODIE,time2vec,1.366449639,1.366449639,0.34161241,0.136644964,1.708062049,1.844707013
uci,TGAT,time2vec,1.363950741,1.363950741,0.340987685,0.136395074,1.704938426,1.8413335
mooc,JODIE,lete,1.357398928,1.357398928,0.339349732,0.135739893,1.69674866,1.832488553
mooc,JODIE,mercer,1.354437852,1.354437852,0.338609463,0.135443785,1.693047315,1.8284911
USLegis,TGAT,lete,1.336547532,1.336547532,0.334136883,0.133654753,1.670684415,1.804339168
uci,DyGFormer,mercer,1.323140951,1.323140951,0.330785238,0.132314095,1.653926189,1.786240284
CanParl,TCL,kan_mammote_dual_kmote,1.313202918,1.313202918,0.32830073,0.131320292,1.641503648,1.772823939
uci,DyGFormer,lete,1.307000634,1.307000634,0.326750159,0.130700063,1.633750793,1.764450856
uci,DyGFormer,time2vec,1.302943121,1.302943121,0.32573578,0.130294312,1.628678901,1.758973213
UNtrade,JODIE,mercer,1.240410219,1.240410219,0.310102555,0.124041022,1.550512774,1.674553796
UNtrade,JODIE,time2vec,1.22320159,1.22320159,0.305800398,0.122320159,1.529001988,1.651322147
USLegis,TGAT,time2vec,1.181257965,1.181257965,0.295314491,0.118125797,1.476572456,1.594698253
USLegis,DyGFormer,lete,1.061807459,1.061807459,0.265451865,0.106180746,1.327259324,1.43344007
wikipedia,TCL,mercer,1.043477943,1.043477943,0.260869486,0.104347794,1.304347429,1.408695223
USLegis,DyGFormer,time2vec,1.0302635,1.0302635,0.257565875,0.10302635,1.287829375,1.390855725
USLegis,DyGFormer,mercer,1.023586418,1.023586418,0.255896605,0.102358642,1.279483023,1.381841664
USLegis,TCL,kan_mammote_dual_kmote,0.995080945,0.995080945,0.248770236,0.099508095,1.243851181,1.343359276
wikipedia,TCL,lete,0.983869531,0.983869531,0.245967383,0.098386953,1.229836914,1.328223867
uci,TCL,kan_mammote_dual_kmote,0.975654384,0.975654384,0.243913596,0.097565438,1.21956798,1.317133418
wikipedia,TGN,lete,0.931190238,0.931190238,0.23279756,0.093119024,1.163987798,1.257106821
wikipedia,TCL,time2vec,0.919693092,0.919693092,0.229923273,0.091969309,1.149616365,1.241585674
wikipedia,TGN,mercer,0.863355195,0.863355195,0.215838799,0.08633552,1.079193994,1.165529513
enron,TCL,mercer,0.853981415,0.853981415,0.213495354,0.085398142,1.067476769,1.15287491
enron,TCL,lete,0.844837851,0.844837851,0.211209463,0.084483785,1.056047314,1.140531099
enron,TCL,time2vec,0.813912701,0.813912701,0.203478175,0.08139127,1.017390876,1.098782146
wikipedia,TGN,time2vec,0.795165227,0.795165227,0.198791307,0.079516523,0.993956534,1.073473056
enron,TGN,lete,0.784136322,0.784136322,0.196034081,0.078413632,0.980170403,1.058584035
enron,TGN,mercer,0.698763865,0.698763865,0.174690966,0.069876387,0.873454831,0.943331218
wikipedia,JODIE,kan_mammote_dual_kmote,0.673339936,0.673339936,0.168334984,0.067333994,0.84167492,0.909008914
enron,TGN,time2vec,0.626509322,0.626509322,0.156627331,0.062650932,0.783136653,0.845787585
CanParl,TCL,lete,0.584237711,0.584237711,0.146059428,0.058423771,0.730297139,0.78872091
wikipedia,JODIE,lete,0.575095999,0.575095999,0.143774,0.0575096,0.718869999,0.776379599
CanParl,TCL,mercer,0.573522059,0.573522059,0.143380515,0.057352206,0.716902574,0.77425478
wikipedia,JODIE,time2vec,0.55179309,0.55179309,0.137948273,0.055179309,0.689741363,0.744920672
CanParl,TCL,time2vec,0.528264833,0.528264833,0.132066208,0.052826483,0.660331041,0.713157525
wikipedia,JODIE,mercer,0.527198943,0.527198943,0.131799736,0.052719894,0.658998679,0.711718573
USLegis,TGN,lete,0.4551594,0.4551594,0.11378985,0.04551594,0.56894925,0.61446519
CanParl,TGN,lete,0.4538059,0.4538059,0.113451475,0.04538059,0.567257375,0.612637965
enron,JODIE,lete,0.428554199,0.428554199,0.10713855,0.04285542,0.535692749,0.578548169
CanParl,TGN,mercer,0.421548184,0.421548184,0.105387046,0.042154818,0.52693523,0.569090048
USLegis,TCL,mercer,0.419841903,0.419841903,0.104960476,0.04198419,0.524802379,0.566786569
uci,TCL,lete,0.413652335,0.413652335,0.103413084,0.041365234,0.517065419,0.558430652
USLegis,TGN,mercer,0.411625337,0.411625337,0.102906334,0.041162534,0.514531671,0.555694205
uci,TCL,mercer,0.411368291,0.411368291,0.102842073,0.041136829,0.514210364,0.555347193
USLegis,TCL,lete,0.406609061,0.406609061,0.101652265,0.040660906,0.508261326,0.548922232
enron,JODIE,kan_mammote_dual_kmote,0.400122236,0.400122236,0.100030559,0.040012224,0.500152795,0.540165019
CanParl,TGN,time2vec,0.395751058,0.395751058,0.098937765,0.039575106,0.494688823,0.534263928
USLegis,TGN,time2vec,0.391210272,0.391210272,0.097802568,0.039121027,0.48901284,0.528133867
USLegis,TCL,time2vec,0.382900138,0.382900138,0.095725035,0.038290014,0.478625173,0.516915186
uci,TCL,time2vec,0.372988097,0.372988097,0.093247024,0.03729881,0.466235121,0.503533931
uci,TGN,lete,0.338261666,0.338261666,0.084565417,0.033826167,0.422827083,0.456653249
uci,TGN,mercer,0.308348485,0.308348485,0.077087121,0.030834849,0.385435606,0.416270455
enron,JODIE,time2vec,0.30225337,0.30225337,0.075563343,0.030225337,0.377816713,0.40804205
enron,JODIE,mercer,0.296800419,0.296800419,0.074200105,0.029680042,0.371000524,0.400680566
uci,TGN,time2vec,0.294028341,0.294028341,0.073507085,0.029402834,0.367535426,0.39693826
CanParl,JODIE,kan_mammote_dual_kmote,0.27158127,0.27158127,0.067895318,0.027158127,0.339476588,0.366634715
USLegis,JODIE,lete,0.269692989,0.269692989,0.067423247,0.026969299,0.337116236,0.364085535
USLegis,JODIE,mercer,0.249434634,0.249434634,0.062358659,0.024943463,0.311793293,0.336736756
USLegis,JODIE,time2vec,0.247883948,0.247883948,0.061970987,0.024788395,0.309854935,0.33464333
USLegis,JODIE,kan_mammote_dual_kmote,0.22389432,0.22389432,0.05597358,0.022389432,0.2798679,0.302257332
uci,JODIE,kan_mammote_dual_kmote,0.215384371,0.215384371,0.053846093,0.021538437,0.269230464,0.290768901
CanParl,JODIE,lete,0.215050441,0.215050441,0.05376261,0.021505044,0.268813051,0.290318095
CanParl,JODIE,mercer,0.200774213,0.200774213,0.050193553,0.020077421,0.250967766,0.271045188
CanParl,JODIE,time2vec,0.198186851,0.198186851,0.049546713,0.019818685,0.247733564,0.267552249
uci,JODIE,lete,0.174299929,0.174299929,0.043574982,0.017429993,0.217874911,0.235304904
uci,JODIE,mercer,0.162504688,0.162504688,0.040626172,0.016250469,0.20313086,0.219381329
uci,JODIE,time2vec,0.160441505,0.160441505,0.040110376,0.016044151,0.200551881,0.216596032
