model,dataset,time_encoder,seed,max_epoch
DyGFormer,Contacts,kan_mammote_dual_kmote,['seed0'],51
DyGFormer,Flights,kan_mammote_dual_kmote,['seed0'],29
DyGFormer,Flights,lete,['seed0'],6
DyGFormer,SocialEvo,kan_mammote_dual_kmote,['seed0'],50
DyGFormer,UNtrade,kan_mammote_dual_kmote,['seed0'],100
DyGFormer,UNvote,kan_mammote_dual_kmote,['seed0'],48
DyGFormer,USLegis,kan_mammote_dual_kmote,['seed0'],27
DyGFormer,enron,kan_mammote_dual_kmote,"['seed0', 'seed1', 'seed2']",48
DyGFormer,lastfm,kan_mammote_dual_kmote,['seed0'],11
DyGFormer,mooc,kan_mammote_dual_kmote,['seed0'],78
DyGFormer,mooc,time2vec,['seed0'],59
DyGFormer,reddit,kan_mammote_dual_kmote,"['seed0', 'seed1']",40
DyGFormer,reddit,time2vec,['seed0'],35
DyGFormer,uci,kan_mammote_dual_kmote,"['seed0', 'seed1', 'seed2']",100
DyGFormer,wikipedia,kan_mammote_dual_kmote,"['seed0', 'seed1', 'seed2']",59
DyGMamba,CanParl,time2vec,['seed0'],21
DyGMamba,Contacts,kan_mammote_dual_kmote,['seed0'],67
DyGMamba,Contacts,time2vec,['seed0'],47
DyGMamba,Flights,kan_mammote_dual_kmote,['seed0'],22
DyGMamba,SocialEvo,kan_mammote_dual_kmote,['seed0'],44
DyGMamba,SocialEvo,lete,['seed0'],23
DyGMamba,SocialEvo,time2vec,['seed0'],84
DyGMamba,UNvote,kan_mammote_dual_kmote,['seed0'],58
DyGMamba,UNvote,lete,['seed0'],20
DyGMamba,USLegis,kan_mammote_dual_kmote,['seed0'],46
DyGMamba,enron,kan_mammote_dual_kmote,"['seed0', 'seed1', 'seed2']",24
DyGMamba,enron,lete,['seed0'],78
DyGMamba,enron,time2vec,['seed0'],77
DyGMamba,lastfm,kan_mammote_dual_kmote,['seed0'],8
DyGMamba,lastfm,lete,['seed0'],36
DyGMamba,lastfm,time2vec,['seed0'],100
DyGMamba,mooc,kan_mammote_dual_kmote,"['seed0', 'seed1']",33
DyGMamba,mooc,lete,['seed0'],85
DyGMamba,mooc,time2vec,['seed0'],100
DyGMamba,reddit,kan_mammote_dual_kmote,"['seed0', 'seed1']",81
DyGMamba,reddit,time2vec,['seed0'],51
DyGMamba,uci,kan_mammote_dual_kmote,"['seed0', 'seed1', 'seed2']",100
DyGMamba,uci,time2vec,['seed0'],100
DyGMamba,wikipedia,kan_mammote_dual_kmote,"['seed0', 'seed1', 'seed2']",100
DyGMamba,wikipedia,lete,['seed0'],66
DyGMamba,wikipedia,original,['seed0'],1
DyGMamba,wikipedia,time2vec,['seed0'],53
DyGMamba,wikipedia,unknown,['seed0'],1
JODIE,CanParl,kan_mammote_dual_kmote,"['seed0', 'seed1', 'seed2']",21
JODIE,CanParl,time2vec,['seed0'],21
JODIE,Contacts,kan_mammote_dual_kmote,"['seed0', 'seed1', 'seed2']",100
JODIE,Contacts,time2vec,['seed0'],100
JODIE,Flights,kan_mammote_dual_kmote,"['seed0', 'seed1']",46
JODIE,Flights,lete,['seed0'],46
JODIE,Flights,time2vec,['seed0'],71
JODIE,SocialEvo,kan_mammote_dual_kmote,"['seed0', 'seed1', 'seed2']",100
JODIE,SocialEvo,time2vec,['seed0'],100
JODIE,UNtrade,kan_mammote_dual_kmote,"['seed0', 'seed1', 'seed2']",56
JODIE,UNtrade,lete,['seed0'],25
JODIE,UNtrade,time2vec,['seed0'],78
JODIE,UNvote,kan_mammote_dual_kmote,['seed0'],37
JODIE,UNvote,lete,['seed0'],82
JODIE,UNvote,time2vec,['seed0'],51
JODIE,USLegis,kan_mammote_dual_kmote,['seed0'],100
JODIE,USLegis,lete,['seed0'],43
JODIE,USLegis,time2vec,['seed0'],53
JODIE,enron,kan_mammote_dual_kmote,"['seed0', 'seed1', 'seed2']",66
JODIE,enron,time2vec,['seed0'],61
JODIE,lastfm,kan_mammote_dual_kmote,"['seed0', 'seed1', 'seed2']",68
JODIE,lastfm,time2vec,['seed0'],45
JODIE,mooc,kan_mammote_dual_kmote,"['seed0', 'seed1', 'seed2']",53
JODIE,mooc,time2vec,['seed0'],38
JODIE,reddit,kan_mammote_dual_kmote,"['seed0', 'seed1', 'seed2']",90
JODIE,reddit,time2vec,['seed0'],83
JODIE,uci,kan_mammote_dual_kmote,"['seed0', 'seed1', 'seed2']",75
JODIE,uci,time2vec,['seed0'],100
JODIE,wikipedia,kan_mammote_dual_kmote,"['seed0', 'seed1', 'seed2']",100
JODIE,wikipedia,mercer,['seed0'],1
JODIE,wikipedia,time2vec,['seed0'],100
TCL,CanParl,kan_mammote_dual_kmote,"['seed0', 'seed1', 'seed2']",47
TCL,CanParl,time2vec,['seed0'],37
TCL,Contacts,kan_mammote_dual_kmote,['seed0'],70
TCL,Contacts,time2vec,['seed0'],100
TCL,Flights,kan_mammote_dual_kmote,"['seed0', 'seed1']",47
TCL,Flights,time2vec,['seed0'],54
TCL,SocialEvo,kan_mammote_dual_kmote,"['seed0', 'seed1']",43
TCL,SocialEvo,time2vec,['seed0'],81
TCL,UNtrade,kan_mammote_dual_kmote,"['seed0', 'seed1', 'seed2']",39
TCL,UNtrade,time2vec,['seed0'],64
TCL,UNvote,kan_mammote_dual_kmote,['seed0'],25
TCL,UNvote,time2vec,['seed0'],33
TCL,USLegis,kan_mammote_dual_kmote,['seed0'],53
TCL,USLegis,time2vec,['seed0'],28
TCL,enron,kan_mammote_dual_kmote,"['seed0', 'seed1', 'seed2']",100
TCL,enron,time2vec,['seed0'],29
TCL,lastfm,kan_mammote_dual_kmote,"['seed0', 'seed1', 'seed2']",43
TCL,lastfm,time2vec,['seed0'],100
TCL,mooc,kan_mammote_dual_kmote,"['seed0', 'seed1', 'seed2']",100
TCL,mooc,time2vec,['seed0'],100
TCL,reddit,kan_mammote_dual_kmote,"['seed0', 'seed1']",100
TCL,reddit,time2vec,['seed0'],100
TCL,uci,kan_mammote_dual_kmote,"['seed0', 'seed1', 'seed2']",98
TCL,uci,time2vec,['seed0'],53
TCL,wikipedia,kan_mammote_dual_kmote,"['seed0', 'seed1', 'seed2']",96
TCL,wikipedia,time2vec,['seed0'],92
TGAT,Contacts,kan_mammote_dual_kmote,['seed0'],16
TGAT,SocialEvo,kan_mammote_dual_kmote,['seed0'],5
TGAT,USLegis,kan_mammote_dual_kmote,['seed0'],30
TGAT,enron,kan_mammote_dual_kmote,"['seed0', 'seed1']",50
TGAT,lastfm,kan_mammote_dual_kmote,['seed0'],8
TGAT,mooc,kan_mammote_dual_kmote,['seed0'],100
TGAT,reddit,kan_mammote_dual_kmote,['seed0'],16
TGAT,uci,kan_mammote_dual_kmote,['seed0'],57
TGAT,wikipedia,kan_mammote_dual_kmote,['seed0'],99
TGAT,wikipedia,lete,['seed0'],6
TGN,CanParl,kan_mammote_dual_kmote,['seed0'],35
TGN,CanParl,time2vec,['seed0'],30
TGN,Contacts,kan_mammote_dual_kmote,['seed0'],60
TGN,Contacts,time2vec,['seed0'],77
TGN,Flights,kan_mammote_dual_kmote,['seed0'],63
TGN,Flights,time2vec,['seed0'],100
TGN,SocialEvo,kan_mammote_dual_kmote,['seed0'],79
TGN,SocialEvo,time2vec,['seed0'],38
TGN,UNtrade,kan_mammote_dual_kmote,['seed0'],24
TGN,UNvote,kan_mammote_dual_kmote,['seed0'],61
TGN,USLegis,kan_mammote_dual_kmote,['seed0'],40
TGN,enron,kan_mammote_dual_kmote,['seed0'],44
TGN,lastfm,kan_mammote_dual_kmote,"['seed0', 'seed1', 'seed2']",49
TGN,mooc,kan_mammote_dual_kmote,"['seed0', 'seed1', 'seed2']",99
TGN,reddit,kan_mammote_dual_kmote,"['seed0', 'seed1', 'seed2']",45
TGN,reddit,original,['seed0'],1
TGN,uci,kan_mammote_dual_kmote,['seed0'],48
TGN,wikipedia,kan_mammote_dual_kmote,"['seed0', 'seed1', 'seed2']",79
TGN,wikipedia,lete,['seed0'],1
TGN,wikipedia,time2vec,['seed0'],66
