model,dataset,time_encoder,training_method,neg_sampling,evaluation_metric,value
DyGFormer,Contacts,kan_mammote_dual_kmote,inductive,random,average_precision,0.9815
DyGFormer,Contacts,kan_mammote_dual_kmote,inductive,random,average_precision,0.982
DyGFormer,Contacts,kan_mammote_dual_kmote,inductive,random,roc_auc,0.984
DyGFormer,Contacts,kan_mammote_dual_kmote,inductive,random,roc_auc,0.9843
DyGFormer,Contacts,kan_mammote_dual_kmote,transductive,random,average_precision,0.9842
DyGFormer,Contacts,kan_mammote_dual_kmote,transductive,random,average_precision,0.9852
DyGFormer,Contacts,kan_mammote_dual_kmote,transductive,random,roc_auc,0.9864
DyGFormer,Contacts,kan_mammote_dual_kmote,transductive,random,roc_auc,0.9869
DyGFormer,Flights,kan_mammote_dual_kmote,inductive,random,average_precision,0.9778
DyGFormer,Flights,kan_mammote_dual_kmote,inductive,random,average_precision,0.9773
DyGFormer,Flights,kan_mammote_dual_kmote,inductive,random,roc_auc,0.9779
DyGFormer,Flights,kan_mammote_dual_kmote,inductive,random,roc_auc,0.978
DyGFormer,Flights,kan_mammote_dual_kmote,transductive,random,average_precision,0.9892
DyGFormer,Flights,kan_mammote_dual_kmote,transductive,random,average_precision,0.9887
DyGFormer,Flights,kan_mammote_dual_kmote,transductive,random,roc_auc,0.9893
DyGFormer,Flights,kan_mammote_dual_kmote,transductive,random,roc_auc,0.9885
DyGFormer,SocialEvo,kan_mammote_dual_kmote,inductive,random,average_precision,0.9325
DyGFormer,SocialEvo,kan_mammote_dual_kmote,inductive,random,average_precision,0.9238
DyGFormer,SocialEvo,kan_mammote_dual_kmote,inductive,random,roc_auc,0.9548
DyGFormer,SocialEvo,kan_mammote_dual_kmote,inductive,random,roc_auc,0.9489
DyGFormer,SocialEvo,kan_mammote_dual_kmote,transductive,random,average_precision,0.9484
DyGFormer,SocialEvo,kan_mammote_dual_kmote,transductive,random,average_precision,0.9388
DyGFormer,SocialEvo,kan_mammote_dual_kmote,transductive,random,roc_auc,0.9647
DyGFormer,SocialEvo,kan_mammote_dual_kmote,transductive,random,roc_auc,0.9577
DyGFormer,UNvote,kan_mammote_dual_kmote,inductive,random,average_precision,0.5569
DyGFormer,UNvote,kan_mammote_dual_kmote,inductive,random,average_precision,0.5588
DyGFormer,UNvote,kan_mammote_dual_kmote,inductive,random,roc_auc,0.5663
DyGFormer,UNvote,kan_mammote_dual_kmote,inductive,random,roc_auc,0.5721
DyGFormer,UNvote,kan_mammote_dual_kmote,transductive,random,average_precision,0.5543
DyGFormer,UNvote,kan_mammote_dual_kmote,transductive,random,average_precision,0.5752
DyGFormer,UNvote,kan_mammote_dual_kmote,transductive,random,roc_auc,0.5723
DyGFormer,UNvote,kan_mammote_dual_kmote,transductive,random,roc_auc,0.5998
DyGFormer,USLegis,kan_mammote_dual_kmote,inductive,random,average_precision,0.5995
DyGFormer,USLegis,kan_mammote_dual_kmote,inductive,random,average_precision,0.5278
DyGFormer,USLegis,kan_mammote_dual_kmote,inductive,random,roc_auc,0.6103
DyGFormer,USLegis,kan_mammote_dual_kmote,inductive,random,roc_auc,0.5069
DyGFormer,USLegis,kan_mammote_dual_kmote,transductive,random,average_precision,0.6993
DyGFormer,USLegis,kan_mammote_dual_kmote,transductive,random,average_precision,0.6883
DyGFormer,USLegis,kan_mammote_dual_kmote,transductive,random,roc_auc,0.764
DyGFormer,USLegis,kan_mammote_dual_kmote,transductive,random,roc_auc,0.7591
DyGFormer,enron,kan_mammote_dual_kmote,inductive,random,average_precision,0.9036
DyGFormer,enron,kan_mammote_dual_kmote,inductive,random,average_precision,0.9019
DyGFormer,enron,kan_mammote_dual_kmote,inductive,random,roc_auc,0.9136
DyGFormer,enron,kan_mammote_dual_kmote,inductive,random,roc_auc,0.9145
DyGFormer,enron,kan_mammote_dual_kmote,transductive,random,average_precision,0.9255
DyGFormer,enron,kan_mammote_dual_kmote,transductive,random,average_precision,0.9247
DyGFormer,enron,kan_mammote_dual_kmote,transductive,random,roc_auc,0.9335
DyGFormer,enron,kan_mammote_dual_kmote,transductive,random,roc_auc,0.9347
DyGFormer,mooc,kan_mammote_dual_kmote,inductive,random,average_precision,0.8896
DyGFormer,mooc,kan_mammote_dual_kmote,inductive,random,average_precision,0.8802
DyGFormer,mooc,kan_mammote_dual_kmote,inductive,random,roc_auc,0.8975
DyGFormer,mooc,kan_mammote_dual_kmote,inductive,random,roc_auc,0.8886
DyGFormer,mooc,kan_mammote_dual_kmote,transductive,random,average_precision,0.8929
DyGFormer,mooc,kan_mammote_dual_kmote,transductive,random,average_precision,0.8975
DyGFormer,mooc,kan_mammote_dual_kmote,transductive,random,roc_auc,0.8999
DyGFormer,mooc,kan_mammote_dual_kmote,transductive,random,roc_auc,0.9066
DyGFormer,reddit,kan_mammote_dual_kmote,inductive,random,average_precision,0.9879
DyGFormer,reddit,kan_mammote_dual_kmote,inductive,random,average_precision,0.9874
DyGFormer,reddit,kan_mammote_dual_kmote,inductive,random,roc_auc,0.9871
DyGFormer,reddit,kan_mammote_dual_kmote,inductive,random,roc_auc,0.9861
DyGFormer,reddit,kan_mammote_dual_kmote,transductive,random,average_precision,0.9926
DyGFormer,reddit,kan_mammote_dual_kmote,transductive,random,average_precision,0.9922
DyGFormer,reddit,kan_mammote_dual_kmote,transductive,random,roc_auc,0.9919
DyGFormer,reddit,kan_mammote_dual_kmote,transductive,random,roc_auc,0.9916
DyGFormer,uci,kan_mammote_dual_kmote,inductive,random,average_precision,0.9543
DyGFormer,uci,kan_mammote_dual_kmote,inductive,random,average_precision,0.9314
DyGFormer,uci,kan_mammote_dual_kmote,inductive,random,roc_auc,0.9392
DyGFormer,uci,kan_mammote_dual_kmote,inductive,random,roc_auc,0.9087
DyGFormer,uci,kan_mammote_dual_kmote,transductive,random,average_precision,0.9626
DyGFormer,uci,kan_mammote_dual_kmote,transductive,random,average_precision,0.9559
DyGFormer,uci,kan_mammote_dual_kmote,transductive,random,roc_auc,0.9502
DyGFormer,uci,kan_mammote_dual_kmote,transductive,random,roc_auc,0.9426
DyGFormer,wikipedia,kan_mammote_dual_kmote,inductive,random,average_precision,0.9885
DyGFormer,wikipedia,kan_mammote_dual_kmote,inductive,random,average_precision,0.9902
DyGFormer,wikipedia,kan_mammote_dual_kmote,inductive,random,roc_auc,0.9877
DyGFormer,wikipedia,kan_mammote_dual_kmote,inductive,random,roc_auc,0.9897
DyGFormer,wikipedia,kan_mammote_dual_kmote,transductive,random,average_precision,0.9915
DyGFormer,wikipedia,kan_mammote_dual_kmote,transductive,random,average_precision,0.9934
DyGFormer,wikipedia,kan_mammote_dual_kmote,transductive,random,roc_auc,0.9909
DyGFormer,wikipedia,kan_mammote_dual_kmote,transductive,random,roc_auc,0.9929
DyGMamba,Contacts,kan_mammote_dual_kmote,inductive,random,average_precision,0.9821
DyGMamba,Contacts,kan_mammote_dual_kmote,inductive,random,average_precision,0.9827
DyGMamba,Contacts,kan_mammote_dual_kmote,inductive,random,roc_auc,0.985
DyGMamba,Contacts,kan_mammote_dual_kmote,inductive,random,roc_auc,0.9857
DyGMamba,Contacts,kan_mammote_dual_kmote,transductive,random,average_precision,0.9846
DyGMamba,Contacts,kan_mammote_dual_kmote,transductive,random,average_precision,0.9857
DyGMamba,Contacts,kan_mammote_dual_kmote,transductive,random,roc_auc,0.9873
DyGMamba,Contacts,kan_mammote_dual_kmote,transductive,random,roc_auc,0.9881
DyGMamba,Flights,kan_mammote_dual_kmote,inductive,random,average_precision,0.9682
DyGMamba,Flights,kan_mammote_dual_kmote,inductive,random,average_precision,0.9679
DyGMamba,Flights,kan_mammote_dual_kmote,inductive,random,roc_auc,0.9668
DyGMamba,Flights,kan_mammote_dual_kmote,inductive,random,roc_auc,0.9671
DyGMamba,Flights,kan_mammote_dual_kmote,transductive,random,average_precision,0.9836
DyGMamba,Flights,kan_mammote_dual_kmote,transductive,random,average_precision,0.9833
DyGMamba,Flights,kan_mammote_dual_kmote,transductive,random,roc_auc,0.9838
DyGMamba,Flights,kan_mammote_dual_kmote,transductive,random,roc_auc,0.9827
DyGMamba,SocialEvo,kan_mammote_dual_kmote,inductive,random,average_precision,0.9326
DyGMamba,SocialEvo,kan_mammote_dual_kmote,inductive,random,average_precision,0.9237
DyGMamba,SocialEvo,kan_mammote_dual_kmote,inductive,random,roc_auc,0.955
DyGMamba,SocialEvo,kan_mammote_dual_kmote,inductive,random,roc_auc,0.949
DyGMamba,SocialEvo,kan_mammote_dual_kmote,transductive,random,average_precision,0.9476
DyGMamba,SocialEvo,kan_mammote_dual_kmote,transductive,random,average_precision,0.9377
DyGMamba,SocialEvo,kan_mammote_dual_kmote,transductive,random,roc_auc,0.9644
DyGMamba,SocialEvo,kan_mammote_dual_kmote,transductive,random,roc_auc,0.9571
DyGMamba,UNvote,kan_mammote_dual_kmote,inductive,random,average_precision,0.5486
DyGMamba,UNvote,kan_mammote_dual_kmote,inductive,random,average_precision,0.5572
DyGMamba,UNvote,kan_mammote_dual_kmote,inductive,random,roc_auc,0.5642
DyGMamba,UNvote,kan_mammote_dual_kmote,inductive,random,roc_auc,0.5707
DyGMamba,UNvote,kan_mammote_dual_kmote,transductive,random,average_precision,0.5591
DyGMamba,UNvote,kan_mammote_dual_kmote,transductive,random,average_precision,0.5701
DyGMamba,UNvote,kan_mammote_dual_kmote,transductive,random,roc_auc,0.5813
DyGMamba,UNvote,kan_mammote_dual_kmote,transductive,random,roc_auc,0.5936
DyGMamba,USLegis,kan_mammote_dual_kmote,inductive,random,average_precision,0.471
DyGMamba,USLegis,kan_mammote_dual_kmote,inductive,random,average_precision,0.4951
DyGMamba,USLegis,kan_mammote_dual_kmote,inductive,random,roc_auc,0.4364
DyGMamba,USLegis,kan_mammote_dual_kmote,inductive,random,roc_auc,0.4693
DyGMamba,USLegis,kan_mammote_dual_kmote,transductive,random,average_precision,0.6352
DyGMamba,USLegis,kan_mammote_dual_kmote,transductive,random,average_precision,0.6544
DyGMamba,USLegis,kan_mammote_dual_kmote,transductive,random,roc_auc,0.691
DyGMamba,USLegis,kan_mammote_dual_kmote,transductive,random,roc_auc,0.72
DyGMamba,enron,kan_mammote_dual_kmote,inductive,random,average_precision,0.8641
DyGMamba,enron,kan_mammote_dual_kmote,inductive,random,average_precision,0.8689
DyGMamba,enron,kan_mammote_dual_kmote,inductive,random,roc_auc,0.8715
DyGMamba,enron,kan_mammote_dual_kmote,inductive,random,roc_auc,0.8839
DyGMamba,enron,kan_mammote_dual_kmote,transductive,random,average_precision,0.9007
DyGMamba,enron,kan_mammote_dual_kmote,transductive,random,average_precision,0.9044
DyGMamba,enron,kan_mammote_dual_kmote,transductive,random,roc_auc,0.9052
DyGMamba,enron,kan_mammote_dual_kmote,transductive,random,roc_auc,0.9104
DyGMamba,mooc,kan_mammote_dual_kmote,inductive,random,average_precision,0.7699
DyGMamba,mooc,kan_mammote_dual_kmote,inductive,random,average_precision,0.7443
DyGMamba,mooc,kan_mammote_dual_kmote,inductive,random,roc_auc,0.7618
DyGMamba,mooc,kan_mammote_dual_kmote,inductive,random,roc_auc,0.733
DyGMamba,mooc,kan_mammote_dual_kmote,transductive,random,average_precision,0.7861
DyGMamba,mooc,kan_mammote_dual_kmote,transductive,random,average_precision,0.7896
DyGMamba,mooc,kan_mammote_dual_kmote,transductive,random,roc_auc,0.7732
DyGMamba,mooc,kan_mammote_dual_kmote,transductive,random,roc_auc,0.7865
DyGMamba,reddit,kan_mammote_dual_kmote,inductive,random,average_precision,0.9844
DyGMamba,reddit,kan_mammote_dual_kmote,inductive,random,average_precision,0.9826
DyGMamba,reddit,kan_mammote_dual_kmote,inductive,random,roc_auc,0.9813
DyGMamba,reddit,kan_mammote_dual_kmote,inductive,random,roc_auc,0.9794
DyGMamba,reddit,kan_mammote_dual_kmote,transductive,random,average_precision,0.9893
DyGMamba,reddit,kan_mammote_dual_kmote,transductive,random,average_precision,0.989
DyGMamba,reddit,kan_mammote_dual_kmote,transductive,random,roc_auc,0.9876
DyGMamba,reddit,kan_mammote_dual_kmote,transductive,random,roc_auc,0.9873
DyGMamba,uci,kan_mammote_dual_kmote,inductive,random,average_precision,0.9253
DyGMamba,uci,kan_mammote_dual_kmote,inductive,random,average_precision,0.8916
DyGMamba,uci,kan_mammote_dual_kmote,inductive,random,roc_auc,0.9109
DyGMamba,uci,kan_mammote_dual_kmote,inductive,random,roc_auc,0.8588
DyGMamba,uci,kan_mammote_dual_kmote,transductive,random,average_precision,0.9509
DyGMamba,uci,kan_mammote_dual_kmote,transductive,random,average_precision,0.9333
DyGMamba,uci,kan_mammote_dual_kmote,transductive,random,roc_auc,0.9412
DyGMamba,uci,kan_mammote_dual_kmote,transductive,random,roc_auc,0.9183
DyGMamba,wikipedia,kan_mammote_dual_kmote,inductive,random,average_precision,0.9857
DyGMamba,wikipedia,kan_mammote_dual_kmote,inductive,random,average_precision,0.9873
DyGMamba,wikipedia,kan_mammote_dual_kmote,inductive,random,roc_auc,0.9834
DyGMamba,wikipedia,kan_mammote_dual_kmote,inductive,random,roc_auc,0.9858
DyGMamba,wikipedia,kan_mammote_dual_kmote,transductive,random,average_precision,0.9891
DyGMamba,wikipedia,kan_mammote_dual_kmote,transductive,random,average_precision,0.9909
DyGMamba,wikipedia,kan_mammote_dual_kmote,transductive,random,roc_auc,0.9876
DyGMamba,wikipedia,kan_mammote_dual_kmote,transductive,random,roc_auc,0.9897
JODIE,CanParl,kan_mammote_dual_kmote,inductive,random,average_precision,0.5688
JODIE,CanParl,kan_mammote_dual_kmote,inductive,random,roc_auc,0.5803
JODIE,CanParl,kan_mammote_dual_kmote,transductive,random,average_precision,0.7064
JODIE,CanParl,kan_mammote_dual_kmote,transductive,random,roc_auc,0.7977
JODIE,Contacts,kan_mammote_dual_kmote,inductive,random,average_precision,0.9577
JODIE,Contacts,kan_mammote_dual_kmote,inductive,random,roc_auc,0.9631
JODIE,Contacts,kan_mammote_dual_kmote,transductive,random,average_precision,0.9732
JODIE,Contacts,kan_mammote_dual_kmote,transductive,random,roc_auc,0.9798
JODIE,Flights,kan_mammote_dual_kmote,inductive,random,average_precision,0.9077
JODIE,Flights,kan_mammote_dual_kmote,inductive,random,roc_auc,0.9177
JODIE,Flights,kan_mammote_dual_kmote,transductive,random,average_precision,0.9286
JODIE,Flights,kan_mammote_dual_kmote,transductive,random,roc_auc,0.9369
JODIE,SocialEvo,kan_mammote_dual_kmote,inductive,random,average_precision,0.9121
JODIE,SocialEvo,kan_mammote_dual_kmote,inductive,random,roc_auc,0.9292
JODIE,SocialEvo,kan_mammote_dual_kmote,transductive,random,average_precision,0.8725
JODIE,SocialEvo,kan_mammote_dual_kmote,transductive,random,roc_auc,0.9092
JODIE,UNtrade,kan_mammote_dual_kmote,inductive,random,average_precision,0.5841
JODIE,UNtrade,kan_mammote_dual_kmote,inductive,random,roc_auc,0.6039
JODIE,UNtrade,kan_mammote_dual_kmote,transductive,random,average_precision,0.6347
JODIE,UNtrade,kan_mammote_dual_kmote,transductive,random,roc_auc,0.6802
JODIE,UNvote,kan_mammote_dual_kmote,inductive,random,average_precision,0.5739
JODIE,UNvote,kan_mammote_dual_kmote,inductive,random,roc_auc,0.585
JODIE,UNvote,kan_mammote_dual_kmote,transductive,random,average_precision,0.6256
JODIE,UNvote,kan_mammote_dual_kmote,transductive,random,roc_auc,0.6727
JODIE,USLegis,kan_mammote_dual_kmote,inductive,random,average_precision,0.5816
JODIE,USLegis,kan_mammote_dual_kmote,inductive,random,roc_auc,0.6228
JODIE,USLegis,kan_mammote_dual_kmote,transductive,random,average_precision,0.7589
JODIE,USLegis,kan_mammote_dual_kmote,transductive,random,roc_auc,0.837
JODIE,enron,kan_mammote_dual_kmote,inductive,random,average_precision,0.7663
JODIE,enron,kan_mammote_dual_kmote,inductive,random,roc_auc,0.795
JODIE,enron,kan_mammote_dual_kmote,transductive,random,average_precision,0.842
JODIE,enron,kan_mammote_dual_kmote,transductive,random,roc_auc,0.8718
JODIE,lastfm,kan_mammote_dual_kmote,inductive,random,average_precision,0.7937
JODIE,lastfm,kan_mammote_dual_kmote,inductive,random,roc_auc,0.792
JODIE,lastfm,kan_mammote_dual_kmote,transductive,random,average_precision,0.6682
JODIE,lastfm,kan_mammote_dual_kmote,transductive,random,roc_auc,0.6642
JODIE,mooc,kan_mammote_dual_kmote,inductive,random,average_precision,0.8152
JODIE,mooc,kan_mammote_dual_kmote,inductive,random,roc_auc,0.8439
JODIE,mooc,kan_mammote_dual_kmote,transductive,random,average_precision,0.8296
JODIE,mooc,kan_mammote_dual_kmote,transductive,random,roc_auc,0.8603
JODIE,reddit,kan_mammote_dual_kmote,inductive,random,average_precision,0.9683
JODIE,reddit,kan_mammote_dual_kmote,inductive,random,roc_auc,0.967
JODIE,reddit,kan_mammote_dual_kmote,transductive,random,average_precision,0.9802
JODIE,reddit,kan_mammote_dual_kmote,transductive,random,roc_auc,0.9795
JODIE,uci,kan_mammote_dual_kmote,inductive,random,average_precision,0.8025
JODIE,uci,kan_mammote_dual_kmote,inductive,random,roc_auc,0.7909
JODIE,uci,kan_mammote_dual_kmote,transductive,random,average_precision,0.8929
JODIE,uci,kan_mammote_dual_kmote,transductive,random,roc_auc,0.9003
JODIE,wikipedia,kan_mammote_dual_kmote,inductive,random,average_precision,0.9402
JODIE,wikipedia,kan_mammote_dual_kmote,inductive,random,roc_auc,0.9332
JODIE,wikipedia,kan_mammote_dual_kmote,transductive,random,average_precision,0.9596
JODIE,wikipedia,kan_mammote_dual_kmote,transductive,random,roc_auc,0.9566
TCL,CanParl,kan_mammote_dual_kmote,inductive,random,average_precision,0.5436
TCL,CanParl,kan_mammote_dual_kmote,inductive,random,average_precision,0.5603
TCL,CanParl,kan_mammote_dual_kmote,inductive,random,roc_auc,0.558
TCL,CanParl,kan_mammote_dual_kmote,inductive,random,roc_auc,0.5841
TCL,CanParl,kan_mammote_dual_kmote,transductive,random,average_precision,0.6909
TCL,CanParl,kan_mammote_dual_kmote,transductive,random,average_precision,0.6343
TCL,CanParl,kan_mammote_dual_kmote,transductive,random,roc_auc,0.7252
TCL,CanParl,kan_mammote_dual_kmote,transductive,random,roc_auc,0.6668
TCL,Contacts,kan_mammote_dual_kmote,inductive,random,average_precision,0.943
TCL,Contacts,kan_mammote_dual_kmote,inductive,random,average_precision,0.9403
TCL,Contacts,kan_mammote_dual_kmote,inductive,random,roc_auc,0.9514
TCL,Contacts,kan_mammote_dual_kmote,inductive,random,roc_auc,0.9487
TCL,Contacts,kan_mammote_dual_kmote,transductive,random,average_precision,0.95
TCL,Contacts,kan_mammote_dual_kmote,transductive,random,average_precision,0.9523
TCL,Contacts,kan_mammote_dual_kmote,transductive,random,roc_auc,0.9582
TCL,Contacts,kan_mammote_dual_kmote,transductive,random,roc_auc,0.9595
TCL,Flights,kan_mammote_dual_kmote,inductive,random,average_precision,0.8314
TCL,Flights,kan_mammote_dual_kmote,inductive,random,average_precision,0.8335
TCL,Flights,kan_mammote_dual_kmote,inductive,random,roc_auc,0.8225
TCL,Flights,kan_mammote_dual_kmote,inductive,random,roc_auc,0.8254
TCL,Flights,kan_mammote_dual_kmote,transductive,random,average_precision,0.9106
TCL,Flights,kan_mammote_dual_kmote,transductive,random,average_precision,0.9099
TCL,Flights,kan_mammote_dual_kmote,transductive,random,roc_auc,0.9095
TCL,Flights,kan_mammote_dual_kmote,transductive,random,roc_auc,0.9079
TCL,SocialEvo,kan_mammote_dual_kmote,inductive,random,average_precision,0.925
TCL,SocialEvo,kan_mammote_dual_kmote,inductive,random,average_precision,0.9134
TCL,SocialEvo,kan_mammote_dual_kmote,inductive,random,roc_auc,0.9476
TCL,SocialEvo,kan_mammote_dual_kmote,inductive,random,roc_auc,0.9388
TCL,SocialEvo,kan_mammote_dual_kmote,transductive,random,average_precision,0.9347
TCL,SocialEvo,kan_mammote_dual_kmote,transductive,random,average_precision,0.9292
TCL,SocialEvo,kan_mammote_dual_kmote,transductive,random,roc_auc,0.9504
TCL,SocialEvo,kan_mammote_dual_kmote,transductive,random,roc_auc,0.9484
TCL,UNtrade,kan_mammote_dual_kmote,inductive,random,average_precision,0.6248
TCL,UNtrade,kan_mammote_dual_kmote,inductive,random,average_precision,0.6267
TCL,UNtrade,kan_mammote_dual_kmote,inductive,random,roc_auc,0.6388
TCL,UNtrade,kan_mammote_dual_kmote,inductive,random,roc_auc,0.6404
TCL,UNtrade,kan_mammote_dual_kmote,transductive,random,average_precision,0.6212
TCL,UNtrade,kan_mammote_dual_kmote,transductive,random,average_precision,0.6265
TCL,UNtrade,kan_mammote_dual_kmote,transductive,random,roc_auc,0.6492
TCL,UNtrade,kan_mammote_dual_kmote,transductive,random,roc_auc,0.657
TCL,UNvote,kan_mammote_dual_kmote,inductive,random,average_precision,0.5126
TCL,UNvote,kan_mammote_dual_kmote,inductive,random,average_precision,0.4951
TCL,UNvote,kan_mammote_dual_kmote,inductive,random,roc_auc,0.5015
TCL,UNvote,kan_mammote_dual_kmote,inductive,random,roc_auc,0.4778
TCL,UNvote,kan_mammote_dual_kmote,transductive,random,average_precision,0.5187
TCL,UNvote,kan_mammote_dual_kmote,transductive,random,average_precision,0.5166
TCL,UNvote,kan_mammote_dual_kmote,transductive,random,roc_auc,0.5178
TCL,UNvote,kan_mammote_dual_kmote,transductive,random,roc_auc,0.5171
TCL,USLegis,kan_mammote_dual_kmote,inductive,random,average_precision,0.5206
TCL,USLegis,kan_mammote_dual_kmote,inductive,random,average_precision,0.5214
TCL,USLegis,kan_mammote_dual_kmote,inductive,random,roc_auc,0.5063
TCL,USLegis,kan_mammote_dual_kmote,inductive,random,roc_auc,0.5101
TCL,USLegis,kan_mammote_dual_kmote,transductive,random,average_precision,0.6964
TCL,USLegis,kan_mammote_dual_kmote,transductive,random,average_precision,0.6941
TCL,USLegis,kan_mammote_dual_kmote,transductive,random,roc_auc,0.7664
TCL,USLegis,kan_mammote_dual_kmote,transductive,random,roc_auc,0.7597
TCL,enron,kan_mammote_dual_kmote,inductive,random,average_precision,0.8235
TCL,enron,kan_mammote_dual_kmote,inductive,random,average_precision,0.8303
TCL,enron,kan_mammote_dual_kmote,inductive,random,roc_auc,0.8079
TCL,enron,kan_mammote_dual_kmote,inductive,random,roc_auc,0.8399
TCL,enron,kan_mammote_dual_kmote,transductive,random,average_precision,0.8582
TCL,enron,kan_mammote_dual_kmote,transductive,random,average_precision,0.8686
TCL,enron,kan_mammote_dual_kmote,transductive,random,roc_auc,0.8354
TCL,enron,kan_mammote_dual_kmote,transductive,random,roc_auc,0.8566
TCL,lastfm,kan_mammote_dual_kmote,inductive,random,average_precision,0.5053
TCL,lastfm,kan_mammote_dual_kmote,inductive,random,average_precision,0.5147
TCL,lastfm,kan_mammote_dual_kmote,inductive,random,roc_auc,0.4962
TCL,lastfm,kan_mammote_dual_kmote,inductive,random,roc_auc,0.5091
TCL,lastfm,kan_mammote_dual_kmote,transductive,random,average_precision,0.5068
TCL,lastfm,kan_mammote_dual_kmote,transductive,random,average_precision,0.5138
TCL,lastfm,kan_mammote_dual_kmote,transductive,random,roc_auc,0.498
TCL,lastfm,kan_mammote_dual_kmote,transductive,random,roc_auc,0.5107
TCL,mooc,kan_mammote_dual_kmote,inductive,random,average_precision,0.8258
TCL,mooc,kan_mammote_dual_kmote,inductive,random,average_precision,0.8135
TCL,mooc,kan_mammote_dual_kmote,inductive,random,roc_auc,0.8314
TCL,mooc,kan_mammote_dual_kmote,inductive,random,roc_auc,0.8178
TCL,mooc,kan_mammote_dual_kmote,transductive,random,average_precision,0.8411
TCL,mooc,kan_mammote_dual_kmote,transductive,random,average_precision,0.841
TCL,mooc,kan_mammote_dual_kmote,transductive,random,roc_auc,0.8458
TCL,mooc,kan_mammote_dual_kmote,transductive,random,roc_auc,0.8513
TCL,reddit,kan_mammote_dual_kmote,inductive,random,average_precision,0.9559
TCL,reddit,kan_mammote_dual_kmote,inductive,random,average_precision,0.9576
TCL,reddit,kan_mammote_dual_kmote,inductive,random,roc_auc,0.953
TCL,reddit,kan_mammote_dual_kmote,inductive,random,roc_auc,0.9544
TCL,reddit,kan_mammote_dual_kmote,transductive,random,average_precision,0.979
TCL,reddit,kan_mammote_dual_kmote,transductive,random,average_precision,0.9802
TCL,reddit,kan_mammote_dual_kmote,transductive,random,roc_auc,0.9779
TCL,reddit,kan_mammote_dual_kmote,transductive,random,roc_auc,0.9793
TCL,uci,kan_mammote_dual_kmote,inductive,random,average_precision,0.9118
TCL,uci,kan_mammote_dual_kmote,inductive,random,average_precision,0.8854
TCL,uci,kan_mammote_dual_kmote,inductive,random,roc_auc,0.8922
TCL,uci,kan_mammote_dual_kmote,inductive,random,roc_auc,0.8625
TCL,uci,kan_mammote_dual_kmote,transductive,random,average_precision,0.9361
TCL,uci,kan_mammote_dual_kmote,transductive,random,average_precision,0.9237
TCL,uci,kan_mammote_dual_kmote,transductive,random,roc_auc,0.9252
TCL,uci,kan_mammote_dual_kmote,transductive,random,roc_auc,0.915
TCL,wikipedia,kan_mammote_dual_kmote,inductive,random,average_precision,0.9703
TCL,wikipedia,kan_mammote_dual_kmote,inductive,random,average_precision,0.9764
TCL,wikipedia,kan_mammote_dual_kmote,inductive,random,roc_auc,0.9652
TCL,wikipedia,kan_mammote_dual_kmote,inductive,random,roc_auc,0.9723
TCL,wikipedia,kan_mammote_dual_kmote,transductive,random,average_precision,0.9735
TCL,wikipedia,kan_mammote_dual_kmote,transductive,random,average_precision,0.9791
TCL,wikipedia,kan_mammote_dual_kmote,transductive,random,roc_auc,0.9687
TCL,wikipedia,kan_mammote_dual_kmote,transductive,random,roc_auc,0.9753
TGAT,CanParl,kan_mammote_dual_kmote,inductive,random,average_precision,0.5549
TGAT,CanParl,kan_mammote_dual_kmote,inductive,random,average_precision,0.5493
TGAT,CanParl,kan_mammote_dual_kmote,inductive,random,roc_auc,0.5713
TGAT,CanParl,kan_mammote_dual_kmote,inductive,random,roc_auc,0.5755
TGAT,CanParl,kan_mammote_dual_kmote,transductive,random,average_precision,0.7152
TGAT,CanParl,kan_mammote_dual_kmote,transductive,random,average_precision,0.612
TGAT,CanParl,kan_mammote_dual_kmote,transductive,random,roc_auc,0.7574
TGAT,CanParl,kan_mammote_dual_kmote,transductive,random,roc_auc,0.6509
TGAT,UNvote,kan_mammote_dual_kmote,inductive,random,average_precision,0.5139
TGAT,UNvote,kan_mammote_dual_kmote,inductive,random,average_precision,0.5016
TGAT,UNvote,kan_mammote_dual_kmote,inductive,random,roc_auc,0.5135
TGAT,UNvote,kan_mammote_dual_kmote,inductive,random,roc_auc,0.4983
TGAT,UNvote,kan_mammote_dual_kmote,transductive,random,average_precision,0.5197
TGAT,UNvote,kan_mammote_dual_kmote,transductive,random,average_precision,0.5159
TGAT,UNvote,kan_mammote_dual_kmote,transductive,random,roc_auc,0.5318
TGAT,UNvote,kan_mammote_dual_kmote,transductive,random,roc_auc,0.5275
TGAT,USLegis,kan_mammote_dual_kmote,inductive,random,average_precision,0.506
TGAT,USLegis,kan_mammote_dual_kmote,inductive,random,average_precision,0.5003
TGAT,USLegis,kan_mammote_dual_kmote,inductive,random,roc_auc,0.4781
TGAT,USLegis,kan_mammote_dual_kmote,inductive,random,roc_auc,0.48
TGAT,USLegis,kan_mammote_dual_kmote,transductive,random,average_precision,0.6877
TGAT,USLegis,kan_mammote_dual_kmote,transductive,random,average_precision,0.6817
TGAT,USLegis,kan_mammote_dual_kmote,transductive,random,roc_auc,0.757
TGAT,USLegis,kan_mammote_dual_kmote,transductive,random,roc_auc,0.7503
TGAT,enron,kan_mammote_dual_kmote,inductive,random,average_precision,0.6345
TGAT,enron,kan_mammote_dual_kmote,inductive,random,average_precision,0.6419
TGAT,enron,kan_mammote_dual_kmote,inductive,random,roc_auc,0.6291
TGAT,enron,kan_mammote_dual_kmote,inductive,random,roc_auc,0.6598
TGAT,enron,kan_mammote_dual_kmote,transductive,random,average_precision,0.6842
TGAT,enron,kan_mammote_dual_kmote,transductive,random,average_precision,0.694
TGAT,enron,kan_mammote_dual_kmote,transductive,random,roc_auc,0.6857
TGAT,enron,kan_mammote_dual_kmote,transductive,random,roc_auc,0.7033
TGAT,mooc,kan_mammote_dual_kmote,inductive,random,average_precision,0.8919
TGAT,mooc,kan_mammote_dual_kmote,inductive,random,average_precision,0.8908
TGAT,mooc,kan_mammote_dual_kmote,inductive,random,roc_auc,0.9047
TGAT,mooc,kan_mammote_dual_kmote,inductive,random,roc_auc,0.9028
TGAT,mooc,kan_mammote_dual_kmote,transductive,random,average_precision,0.8905
TGAT,mooc,kan_mammote_dual_kmote,transductive,random,average_precision,0.8982
TGAT,mooc,kan_mammote_dual_kmote,transductive,random,roc_auc,0.9047
TGAT,mooc,kan_mammote_dual_kmote,transductive,random,roc_auc,0.9135
TGAT,uci,kan_mammote_dual_kmote,inductive,random,average_precision,0.9155
TGAT,uci,kan_mammote_dual_kmote,inductive,random,average_precision,0.889
TGAT,uci,kan_mammote_dual_kmote,inductive,random,roc_auc,0.9015
TGAT,uci,kan_mammote_dual_kmote,inductive,random,roc_auc,0.8685
TGAT,uci,kan_mammote_dual_kmote,transductive,random,average_precision,0.9399
TGAT,uci,kan_mammote_dual_kmote,transductive,random,average_precision,0.926
TGAT,uci,kan_mammote_dual_kmote,transductive,random,roc_auc,0.9319
TGAT,uci,kan_mammote_dual_kmote,transductive,random,roc_auc,0.9192
TGAT,wikipedia,kan_mammote_dual_kmote,inductive,random,average_precision,0.9749
TGAT,wikipedia,kan_mammote_dual_kmote,inductive,random,average_precision,0.9819
TGAT,wikipedia,kan_mammote_dual_kmote,inductive,random,roc_auc,0.9732
TGAT,wikipedia,kan_mammote_dual_kmote,inductive,random,roc_auc,0.981
TGAT,wikipedia,kan_mammote_dual_kmote,transductive,random,average_precision,0.9797
TGAT,wikipedia,kan_mammote_dual_kmote,transductive,random,average_precision,0.9851
TGAT,wikipedia,kan_mammote_dual_kmote,transductive,random,roc_auc,0.9779
TGAT,wikipedia,kan_mammote_dual_kmote,transductive,random,roc_auc,0.9839
TGN,CanParl,kan_mammote_dual_kmote,inductive,random,average_precision,0.55
TGN,CanParl,kan_mammote_dual_kmote,inductive,random,roc_auc,0.5782
TGN,CanParl,kan_mammote_dual_kmote,transductive,random,average_precision,0.7574
TGN,CanParl,kan_mammote_dual_kmote,transductive,random,roc_auc,0.8304
TGN,Contacts,kan_mammote_dual_kmote,inductive,random,average_precision,0.9318
TGN,Contacts,kan_mammote_dual_kmote,inductive,random,roc_auc,0.9474
TGN,Contacts,kan_mammote_dual_kmote,transductive,random,average_precision,0.9749
TGN,Contacts,kan_mammote_dual_kmote,transductive,random,roc_auc,0.9806
TGN,Flights,kan_mammote_dual_kmote,inductive,random,average_precision,0.9554
TGN,Flights,kan_mammote_dual_kmote,inductive,random,roc_auc,0.9624
TGN,Flights,kan_mammote_dual_kmote,transductive,random,average_precision,0.9795
TGN,Flights,kan_mammote_dual_kmote,transductive,random,roc_auc,0.9818
TGN,SocialEvo,kan_mammote_dual_kmote,inductive,random,average_precision,0.9233
TGN,SocialEvo,kan_mammote_dual_kmote,inductive,random,roc_auc,0.9457
TGN,SocialEvo,kan_mammote_dual_kmote,transductive,random,average_precision,0.9429
TGN,SocialEvo,kan_mammote_dual_kmote,transductive,random,roc_auc,0.9605
TGN,UNtrade,kan_mammote_dual_kmote,inductive,random,average_precision,0.5868
TGN,UNtrade,kan_mammote_dual_kmote,inductive,random,roc_auc,0.5931
TGN,UNtrade,kan_mammote_dual_kmote,transductive,random,average_precision,0.6517
TGN,UNtrade,kan_mammote_dual_kmote,transductive,random,roc_auc,0.6899
TGN,UNvote,kan_mammote_dual_kmote,inductive,random,average_precision,0.5902
TGN,UNvote,kan_mammote_dual_kmote,inductive,random,roc_auc,0.6142
TGN,UNvote,kan_mammote_dual_kmote,transductive,random,average_precision,0.6637
TGN,UNvote,kan_mammote_dual_kmote,transductive,random,roc_auc,0.7061
TGN,USLegis,kan_mammote_dual_kmote,inductive,random,average_precision,0.5745
TGN,USLegis,kan_mammote_dual_kmote,inductive,random,roc_auc,0.6035
TGN,USLegis,kan_mammote_dual_kmote,transductive,random,average_precision,0.7334
TGN,USLegis,kan_mammote_dual_kmote,transductive,random,roc_auc,0.8087
TGN,enron,kan_mammote_dual_kmote,inductive,random,average_precision,0.8131
TGN,enron,kan_mammote_dual_kmote,inductive,random,roc_auc,0.8265
TGN,enron,kan_mammote_dual_kmote,transductive,random,average_precision,0.8765
TGN,enron,kan_mammote_dual_kmote,transductive,random,roc_auc,0.8868
TGN,lastfm,kan_mammote_dual_kmote,inductive,random,average_precision,0.8843
TGN,lastfm,kan_mammote_dual_kmote,inductive,random,roc_auc,0.8809
TGN,lastfm,kan_mammote_dual_kmote,transductive,random,average_precision,0.8373
TGN,lastfm,kan_mammote_dual_kmote,transductive,random,roc_auc,0.8331
TGN,mooc,kan_mammote_dual_kmote,inductive,random,average_precision,0.9128
TGN,mooc,kan_mammote_dual_kmote,inductive,random,roc_auc,0.9232
TGN,mooc,kan_mammote_dual_kmote,transductive,random,average_precision,0.9115
TGN,mooc,kan_mammote_dual_kmote,transductive,random,roc_auc,0.9263
TGN,reddit,kan_mammote_dual_kmote,inductive,random,average_precision,0.9777
TGN,reddit,kan_mammote_dual_kmote,inductive,random,roc_auc,0.9767
TGN,reddit,kan_mammote_dual_kmote,transductive,random,average_precision,0.9878
TGN,reddit,kan_mammote_dual_kmote,transductive,random,roc_auc,0.9876
TGN,uci,kan_mammote_dual_kmote,inductive,random,average_precision,0.8641
TGN,uci,kan_mammote_dual_kmote,inductive,random,roc_auc,0.8425
TGN,uci,kan_mammote_dual_kmote,transductive,random,average_precision,0.9014
TGN,uci,kan_mammote_dual_kmote,transductive,random,roc_auc,0.8936
TGN,wikipedia,kan_mammote_dual_kmote,inductive,random,average_precision,0.9827
TGN,wikipedia,kan_mammote_dual_kmote,inductive,random,roc_auc,0.9818
TGN,wikipedia,kan_mammote_dual_kmote,transductive,random,average_precision,0.9877
TGN,wikipedia,kan_mammote_dual_kmote,transductive,random,roc_auc,0.9871
