Component,Call,GPU_Allocated_MB,GPU_Reserved_MB,GPU_Cached_MB,CPU_Used_MB,CPU_Percent,Peak_GPU_MB
TCL_positive_embeddings,0,0,0,0,0.0,0.0,0
TCL_positive_embeddings,1,0,0,0,0.0,0.0,0
TCL_positive_embeddings,2,0,0,0,0.0,0.0,0
TCL_positive_embeddings,3,0,0,0,0.0,0.0,0
TCL_positive_embeddings,4,0,0,0,0.0,0.0,0
TCL_positive_embeddings,5,0,0,0,0.0,0.0,0
TCL_positive_embeddings,6,0,0,0,0.0,0.0,0
TCL_positive_embeddings,7,0,0,0,0.0,0.0,0
TCL_positive_embeddings,8,0,0,0,0.0,0.0,0
TCL_positive_embeddings,9,0,0,0,0.0,0.0,0
TCL_negative_embeddings,0,0,0,0,0.0,0.0,0
TCL_negative_embeddings,1,0,0,0,0.0,0.0,0
TCL_negative_embeddings,2,0,0,0,0.0,0.0,0
TCL_negative_embeddings,3,0,0,0,0.0,0.0,0
TCL_negative_embeddings,4,0,0,0,0.0,0.0,0
TCL_negative_embeddings,5,0,0,0,0.0,0.0,0
TCL_negative_embeddings,6,0,0,0,0.0,0.0,0
TCL_negative_embeddings,7,0,0,0,0.0,0.0,0
TCL_negative_embeddings,8,0,0,0,0.0,0.0,0
TCL_negative_embeddings,9,0,0,0,0.0,0.0,0
prediction_forward,0,0,0,0,0.0,0.0,0
prediction_forward,1,0,0,0,0.0,0.0,0
prediction_forward,2,0,0,0,0.0,0.0,0
prediction_forward,3,0,0,0,0.0,0.0,0
prediction_forward,4,0,0,0,0.0,0.0,0
prediction_forward,5,0,0,0,0.0,0.0,0
prediction_forward,6,0,0,0,0.0,0.0,0
prediction_forward,7,0,0,0,0.0,0.0,0
prediction_forward,8,0,0,0,0.0,0.0,0
prediction_forward,9,0,0,0,0.0,0.0,0
prediction_concat,0,0,0,0,0.0,0.0,0
prediction_concat,1,0,0,0,0.0,0.0,0
prediction_concat,2,0,0,0,0.0,0.0,0
prediction_concat,3,0,0,0,0.0,0.0,0
prediction_concat,4,0,0,0,0.0,0.0,0
prediction_concat,5,0,0,0,0.0,0.0,0
prediction_concat,6,0,0,0,0.0,0.0,0
prediction_concat,7,0,0,0,0.0,0.0,0
prediction_concat,8,0,0,0,0.0,0.0,0
prediction_concat,9,0,0,0,0.0,0.0,0
loss_computation,0,0,0,0,0.0,0.0,0
loss_computation,1,0,0,0,0.0,0.0,0
loss_computation,2,0,0,0,0.0,0.0,0
loss_computation,3,0,0,0,0.0,0.0,0
loss_computation,4,0,0,0,0.0,0.0,0
loss_computation,5,0,0,0,0.0,0.0,0
loss_computation,6,0,0,0,0.0,0.0,0
loss_computation,7,0,0,0,0.0,0.0,0
loss_computation,8,0,0,0,0.0,0.0,0
loss_computation,9,0,0,0,0.0,0.0,0
backward_pass,0,0,0,0,9.01171875,0.0017488063922596053,0
backward_pass,1,0,0,0,1.00390625,0.00019481718370639722,0
backward_pass,2,0,0,0,0.11328125,2.198326197466738e-05,0
backward_pass,3,0,0,0,0.00390625,7.580435164022958e-07,0
backward_pass,4,0,0,0,0.05859375,1.1370652745479326e-05,0
backward_pass,5,0,0,0,0.0859375,1.6676957360073352e-05,0
backward_pass,6,0,0,0,0.046875,9.096522196494483e-06,0
backward_pass,7,0,0,0,0.0078125,1.5160870326935694e-06,0
backward_pass,8,0,0,0,0.015625,3.0321740653871387e-06,0
backward_pass,9,0,0,0,0.0,0.0,0
