dataset,model,time_encoder,training_method,evaluation_metric,neg_sampling,completed,value
CanParl,DyGFormer,kan_mammote_dual_kmote,inductive,average_precision,random,False,
CanParl,DyGFormer,kan_mammote_dual_kmote,inductive,roc_auc,random,False,
CanParl,DyGFormer,kan_mammote_dual_kmote,transductive,average_precision,random,False,
CanParl,DyGFormer,kan_mammote_dual_kmote,transductive,roc_auc,random,False,
Contacts,DyGFormer,kan_mammote_dual_kmote,inductive,average_precision,random,True,0.982
Contacts,DyGFormer,kan_mammote_dual_kmote,inductive,roc_auc,random,True,0.9843
Contacts,DyGFormer,kan_mammote_dual_kmote,transductive,average_precision,random,True,0.9852
Contacts,DyGFormer,kan_mammote_dual_kmote,transductive,roc_auc,random,True,0.9869
Flights,DyGFormer,kan_mammote_dual_kmote,inductive,average_precision,random,True,0.9773
Flights,DyGFormer,kan_mammote_dual_kmote,inductive,roc_auc,random,True,0.978
Flights,DyGFormer,kan_mammote_dual_kmote,transductive,average_precision,random,True,0.9887
Flights,DyGFormer,kan_mammote_dual_kmote,transductive,roc_auc,random,True,0.9885
SocialEvo,DyGFormer,kan_mammote_dual_kmote,inductive,average_precision,random,True,0.9238
SocialEvo,DyGFormer,kan_mammote_dual_kmote,inductive,roc_auc,random,True,0.9489
SocialEvo,DyGFormer,kan_mammote_dual_kmote,transductive,average_precision,random,True,0.9388
SocialEvo,DyGFormer,kan_mammote_dual_kmote,transductive,roc_auc,random,True,0.9577
UNtrade,DyGFormer,kan_mammote_dual_kmote,inductive,average_precision,random,False,
UNtrade,DyGFormer,kan_mammote_dual_kmote,inductive,roc_auc,random,False,
UNtrade,DyGFormer,kan_mammote_dual_kmote,transductive,average_precision,random,False,
UNtrade,DyGFormer,kan_mammote_dual_kmote,transductive,roc_auc,random,False,
UNvote,DyGFormer,kan_mammote_dual_kmote,inductive,average_precision,random,True,0.5588
UNvote,DyGFormer,kan_mammote_dual_kmote,inductive,roc_auc,random,True,0.5721
UNvote,DyGFormer,kan_mammote_dual_kmote,transductive,average_precision,random,True,0.5752
UNvote,DyGFormer,kan_mammote_dual_kmote,transductive,roc_auc,random,True,0.5998
USLegis,DyGFormer,kan_mammote_dual_kmote,inductive,average_precision,random,True,0.5278
USLegis,DyGFormer,kan_mammote_dual_kmote,inductive,roc_auc,random,True,0.5069
USLegis,DyGFormer,kan_mammote_dual_kmote,transductive,average_precision,random,True,0.6883
USLegis,DyGFormer,kan_mammote_dual_kmote,transductive,roc_auc,random,True,0.7591
enron,DyGFormer,kan_mammote_dual_kmote,inductive,average_precision,random,True,0.9019
enron,DyGFormer,kan_mammote_dual_kmote,inductive,roc_auc,random,True,0.9145
enron,DyGFormer,kan_mammote_dual_kmote,transductive,average_precision,random,True,0.9247
enron,DyGFormer,kan_mammote_dual_kmote,transductive,roc_auc,random,True,0.9347
lastfm,DyGFormer,kan_mammote_dual_kmote,inductive,average_precision,random,False,
lastfm,DyGFormer,kan_mammote_dual_kmote,inductive,roc_auc,random,False,
lastfm,DyGFormer,kan_mammote_dual_kmote,transductive,average_precision,random,False,
lastfm,DyGFormer,kan_mammote_dual_kmote,transductive,roc_auc,random,False,
mooc,DyGFormer,kan_mammote_dual_kmote,inductive,average_precision,random,True,0.8802
mooc,DyGFormer,kan_mammote_dual_kmote,inductive,roc_auc,random,True,0.8886
mooc,DyGFormer,kan_mammote_dual_kmote,transductive,average_precision,random,True,0.8975
mooc,DyGFormer,kan_mammote_dual_kmote,transductive,roc_auc,random,True,0.9066
reddit,DyGFormer,kan_mammote_dual_kmote,inductive,average_precision,random,True,0.9874
reddit,DyGFormer,kan_mammote_dual_kmote,inductive,roc_auc,random,True,0.9861
reddit,DyGFormer,kan_mammote_dual_kmote,transductive,average_precision,random,True,0.9922
reddit,DyGFormer,kan_mammote_dual_kmote,transductive,roc_auc,random,True,0.9916
uci,DyGFormer,kan_mammote_dual_kmote,inductive,average_precision,random,True,0.9314
uci,DyGFormer,kan_mammote_dual_kmote,inductive,roc_auc,random,True,0.9087
uci,DyGFormer,kan_mammote_dual_kmote,transductive,average_precision,random,True,0.9559
uci,DyGFormer,kan_mammote_dual_kmote,transductive,roc_auc,random,True,0.9426
wikipedia,DyGFormer,kan_mammote_dual_kmote,inductive,average_precision,random,True,0.9902
wikipedia,DyGFormer,kan_mammote_dual_kmote,inductive,roc_auc,random,True,0.9897
wikipedia,DyGFormer,kan_mammote_dual_kmote,transductive,average_precision,random,True,0.9934
wikipedia,DyGFormer,kan_mammote_dual_kmote,transductive,roc_auc,random,True,0.9929
CanParl,DyGMamba,kan_mammote_dual_kmote,inductive,average_precision,random,False,
CanParl,DyGMamba,kan_mammote_dual_kmote,inductive,roc_auc,random,False,
CanParl,DyGMamba,kan_mammote_dual_kmote,transductive,average_precision,random,False,
CanParl,DyGMamba,kan_mammote_dual_kmote,transductive,roc_auc,random,False,
Contacts,DyGMamba,kan_mammote_dual_kmote,inductive,average_precision,random,True,0.9827
Contacts,DyGMamba,kan_mammote_dual_kmote,inductive,roc_auc,random,True,0.9857
Contacts,DyGMamba,kan_mammote_dual_kmote,transductive,average_precision,random,True,0.9857
Contacts,DyGMamba,kan_mammote_dual_kmote,transductive,roc_auc,random,True,0.9881
Flights,DyGMamba,kan_mammote_dual_kmote,inductive,average_precision,random,True,0.9679
Flights,DyGMamba,kan_mammote_dual_kmote,inductive,roc_auc,random,True,0.9671
Flights,DyGMamba,kan_mammote_dual_kmote,transductive,average_precision,random,True,0.9833
Flights,DyGMamba,kan_mammote_dual_kmote,transductive,roc_auc,random,True,0.9827
SocialEvo,DyGMamba,kan_mammote_dual_kmote,inductive,average_precision,random,True,0.9237
SocialEvo,DyGMamba,kan_mammote_dual_kmote,inductive,roc_auc,random,True,0.949
SocialEvo,DyGMamba,kan_mammote_dual_kmote,transductive,average_precision,random,True,0.9377
SocialEvo,DyGMamba,kan_mammote_dual_kmote,transductive,roc_auc,random,True,0.9571
UNtrade,DyGMamba,kan_mammote_dual_kmote,inductive,average_precision,random,False,
UNtrade,DyGMamba,kan_mammote_dual_kmote,inductive,roc_auc,random,False,
UNtrade,DyGMamba,kan_mammote_dual_kmote,transductive,average_precision,random,False,
UNtrade,DyGMamba,kan_mammote_dual_kmote,transductive,roc_auc,random,False,
UNvote,DyGMamba,kan_mammote_dual_kmote,inductive,average_precision,random,True,0.5572
UNvote,DyGMamba,kan_mammote_dual_kmote,inductive,roc_auc,random,True,0.5707
UNvote,DyGMamba,kan_mammote_dual_kmote,transductive,average_precision,random,True,0.5701
UNvote,DyGMamba,kan_mammote_dual_kmote,transductive,roc_auc,random,True,0.5936
USLegis,DyGMamba,kan_mammote_dual_kmote,inductive,average_precision,random,True,0.4951
USLegis,DyGMamba,kan_mammote_dual_kmote,inductive,roc_auc,random,True,0.4693
USLegis,DyGMamba,kan_mammote_dual_kmote,transductive,average_precision,random,True,0.6544
USLegis,DyGMamba,kan_mammote_dual_kmote,transductive,roc_auc,random,True,0.72
enron,DyGMamba,kan_mammote_dual_kmote,inductive,average_precision,random,True,0.8689
enron,DyGMamba,kan_mammote_dual_kmote,inductive,roc_auc,random,True,0.8839
enron,DyGMamba,kan_mammote_dual_kmote,transductive,average_precision,random,True,0.9044
enron,DyGMamba,kan_mammote_dual_kmote,transductive,roc_auc,random,True,0.9104
lastfm,DyGMamba,kan_mammote_dual_kmote,inductive,average_precision,random,False,
lastfm,DyGMamba,kan_mammote_dual_kmote,inductive,roc_auc,random,False,
lastfm,DyGMamba,kan_mammote_dual_kmote,transductive,average_precision,random,False,
lastfm,DyGMamba,kan_mammote_dual_kmote,transductive,roc_auc,random,False,
mooc,DyGMamba,kan_mammote_dual_kmote,inductive,average_precision,random,True,0.7443
mooc,DyGMamba,kan_mammote_dual_kmote,inductive,roc_auc,random,True,0.733
mooc,DyGMamba,kan_mammote_dual_kmote,transductive,average_precision,random,True,0.7896
mooc,DyGMamba,kan_mammote_dual_kmote,transductive,roc_auc,random,True,0.7865
reddit,DyGMamba,kan_mammote_dual_kmote,inductive,average_precision,random,True,0.9826
reddit,DyGMamba,kan_mammote_dual_kmote,inductive,roc_auc,random,True,0.9794
reddit,DyGMamba,kan_mammote_dual_kmote,transductive,average_precision,random,True,0.989
reddit,DyGMamba,kan_mammote_dual_kmote,transductive,roc_auc,random,True,0.9873
uci,DyGMamba,kan_mammote_dual_kmote,inductive,average_precision,random,True,0.8916
uci,DyGMamba,kan_mammote_dual_kmote,inductive,roc_auc,random,True,0.8588
uci,DyGMamba,kan_mammote_dual_kmote,transductive,average_precision,random,True,0.9333
uci,DyGMamba,kan_mammote_dual_kmote,transductive,roc_auc,random,True,0.9183
wikipedia,DyGMamba,kan_mammote_dual_kmote,inductive,average_precision,random,True,0.9873
wikipedia,DyGMamba,kan_mammote_dual_kmote,inductive,roc_auc,random,True,0.9858
wikipedia,DyGMamba,kan_mammote_dual_kmote,transductive,average_precision,random,True,0.9909
wikipedia,DyGMamba,kan_mammote_dual_kmote,transductive,roc_auc,random,True,0.9897
CanParl,JODIE,kan_mammote_dual_kmote,inductive,average_precision,random,True,0.5688
CanParl,JODIE,kan_mammote_dual_kmote,inductive,roc_auc,random,True,0.5803
CanParl,JODIE,kan_mammote_dual_kmote,transductive,average_precision,random,True,0.7064
CanParl,JODIE,kan_mammote_dual_kmote,transductive,roc_auc,random,True,0.7977
Contacts,JODIE,kan_mammote_dual_kmote,inductive,average_precision,random,True,0.9577
Contacts,JODIE,kan_mammote_dual_kmote,inductive,roc_auc,random,True,0.9631
Contacts,JODIE,kan_mammote_dual_kmote,transductive,average_precision,random,True,0.9732
Contacts,JODIE,kan_mammote_dual_kmote,transductive,roc_auc,random,True,0.9798
Flights,JODIE,kan_mammote_dual_kmote,inductive,average_precision,random,True,0.9077
Flights,JODIE,kan_mammote_dual_kmote,inductive,roc_auc,random,True,0.9177
Flights,JODIE,kan_mammote_dual_kmote,transductive,average_precision,random,True,0.9286
Flights,JODIE,kan_mammote_dual_kmote,transductive,roc_auc,random,True,0.9369
SocialEvo,JODIE,kan_mammote_dual_kmote,inductive,average_precision,random,True,0.9121
SocialEvo,JODIE,kan_mammote_dual_kmote,inductive,roc_auc,random,True,0.9292
SocialEvo,JODIE,kan_mammote_dual_kmote,transductive,average_precision,random,True,0.8725
SocialEvo,JODIE,kan_mammote_dual_kmote,transductive,roc_auc,random,True,0.9092
UNtrade,JODIE,kan_mammote_dual_kmote,inductive,average_precision,random,True,0.5841
UNtrade,JODIE,kan_mammote_dual_kmote,inductive,roc_auc,random,True,0.6039
UNtrade,JODIE,kan_mammote_dual_kmote,transductive,average_precision,random,True,0.6347
UNtrade,JODIE,kan_mammote_dual_kmote,transductive,roc_auc,random,True,0.6802
UNvote,JODIE,kan_mammote_dual_kmote,inductive,average_precision,random,True,0.5739
UNvote,JODIE,kan_mammote_dual_kmote,inductive,roc_auc,random,True,0.585
UNvote,JODIE,kan_mammote_dual_kmote,transductive,average_precision,random,True,0.6256
UNvote,JODIE,kan_mammote_dual_kmote,transductive,roc_auc,random,True,0.6727
USLegis,JODIE,kan_mammote_dual_kmote,inductive,average_precision,random,True,0.5816
USLegis,JODIE,kan_mammote_dual_kmote,inductive,roc_auc,random,True,0.6228
USLegis,JODIE,kan_mammote_dual_kmote,transductive,average_precision,random,True,0.7589
USLegis,JODIE,kan_mammote_dual_kmote,transductive,roc_auc,random,True,0.837
enron,JODIE,kan_mammote_dual_kmote,inductive,average_precision,random,True,0.7663
enron,JODIE,kan_mammote_dual_kmote,inductive,roc_auc,random,True,0.795
enron,JODIE,kan_mammote_dual_kmote,transductive,average_precision,random,True,0.842
enron,JODIE,kan_mammote_dual_kmote,transductive,roc_auc,random,True,0.8718
lastfm,JODIE,kan_mammote_dual_kmote,inductive,average_precision,random,True,0.7937
lastfm,JODIE,kan_mammote_dual_kmote,inductive,roc_auc,random,True,0.792
lastfm,JODIE,kan_mammote_dual_kmote,transductive,average_precision,random,True,0.6682
lastfm,JODIE,kan_mammote_dual_kmote,transductive,roc_auc,random,True,0.6642
mooc,JODIE,kan_mammote_dual_kmote,inductive,average_precision,random,True,0.8152
mooc,JODIE,kan_mammote_dual_kmote,inductive,roc_auc,random,True,0.8439
mooc,JODIE,kan_mammote_dual_kmote,transductive,average_precision,random,True,0.8296
mooc,JODIE,kan_mammote_dual_kmote,transductive,roc_auc,random,True,0.8603
reddit,JODIE,kan_mammote_dual_kmote,inductive,average_precision,random,True,0.9683
reddit,JODIE,kan_mammote_dual_kmote,inductive,roc_auc,random,True,0.967
reddit,JODIE,kan_mammote_dual_kmote,transductive,average_precision,random,True,0.9802
reddit,JODIE,kan_mammote_dual_kmote,transductive,roc_auc,random,True,0.9795
uci,JODIE,kan_mammote_dual_kmote,inductive,average_precision,random,True,0.8025
uci,JODIE,kan_mammote_dual_kmote,inductive,roc_auc,random,True,0.7909
uci,JODIE,kan_mammote_dual_kmote,transductive,average_precision,random,True,0.8929
uci,JODIE,kan_mammote_dual_kmote,transductive,roc_auc,random,True,0.9003
wikipedia,JODIE,kan_mammote_dual_kmote,inductive,average_precision,random,True,0.9402
wikipedia,JODIE,kan_mammote_dual_kmote,inductive,roc_auc,random,True,0.9332
wikipedia,JODIE,kan_mammote_dual_kmote,transductive,average_precision,random,True,0.9596
wikipedia,JODIE,kan_mammote_dual_kmote,transductive,roc_auc,random,True,0.9566
CanParl,TCL,kan_mammote_dual_kmote,inductive,average_precision,random,True,0.5603
CanParl,TCL,kan_mammote_dual_kmote,inductive,roc_auc,random,True,0.5841
CanParl,TCL,kan_mammote_dual_kmote,transductive,average_precision,random,True,0.6343
CanParl,TCL,kan_mammote_dual_kmote,transductive,roc_auc,random,True,0.6668
Contacts,TCL,kan_mammote_dual_kmote,inductive,average_precision,random,True,0.9403
Contacts,TCL,kan_mammote_dual_kmote,inductive,roc_auc,random,True,0.9487
Contacts,TCL,kan_mammote_dual_kmote,transductive,average_precision,random,True,0.9523
Contacts,TCL,kan_mammote_dual_kmote,transductive,roc_auc,random,True,0.9595
Flights,TCL,kan_mammote_dual_kmote,inductive,average_precision,random,True,0.8335
Flights,TCL,kan_mammote_dual_kmote,inductive,roc_auc,random,True,0.8254
Flights,TCL,kan_mammote_dual_kmote,transductive,average_precision,random,True,0.9099
Flights,TCL,kan_mammote_dual_kmote,transductive,roc_auc,random,True,0.9079
SocialEvo,TCL,kan_mammote_dual_kmote,inductive,average_precision,random,True,0.9134
SocialEvo,TCL,kan_mammote_dual_kmote,inductive,roc_auc,random,True,0.9388
SocialEvo,TCL,kan_mammote_dual_kmote,transductive,average_precision,random,True,0.9292
SocialEvo,TCL,kan_mammote_dual_kmote,transductive,roc_auc,random,True,0.9484
UNtrade,TCL,kan_mammote_dual_kmote,inductive,average_precision,random,True,0.6267
UNtrade,TCL,kan_mammote_dual_kmote,inductive,roc_auc,random,True,0.6404
UNtrade,TCL,kan_mammote_dual_kmote,transductive,average_precision,random,True,0.6265
UNtrade,TCL,kan_mammote_dual_kmote,transductive,roc_auc,random,True,0.657
UNvote,TCL,kan_mammote_dual_kmote,inductive,average_precision,random,True,0.4951
UNvote,TCL,kan_mammote_dual_kmote,inductive,roc_auc,random,True,0.4778
UNvote,TCL,kan_mammote_dual_kmote,transductive,average_precision,random,True,0.5166
UNvote,TCL,kan_mammote_dual_kmote,transductive,roc_auc,random,True,0.5171
USLegis,TCL,kan_mammote_dual_kmote,inductive,average_precision,random,True,0.5214
USLegis,TCL,kan_mammote_dual_kmote,inductive,roc_auc,random,True,0.5101
USLegis,TCL,kan_mammote_dual_kmote,transductive,average_precision,random,True,0.6941
USLegis,TCL,kan_mammote_dual_kmote,transductive,roc_auc,random,True,0.7597
enron,TCL,kan_mammote_dual_kmote,inductive,average_precision,random,True,0.8303
enron,TCL,kan_mammote_dual_kmote,inductive,roc_auc,random,True,0.8399
enron,TCL,kan_mammote_dual_kmote,transductive,average_precision,random,True,0.8686
enron,TCL,kan_mammote_dual_kmote,transductive,roc_auc,random,True,0.8566
lastfm,TCL,kan_mammote_dual_kmote,inductive,average_precision,random,True,0.5147
lastfm,TCL,kan_mammote_dual_kmote,inductive,roc_auc,random,True,0.5091
lastfm,TCL,kan_mammote_dual_kmote,transductive,average_precision,random,True,0.5138
lastfm,TCL,kan_mammote_dual_kmote,transductive,roc_auc,random,True,0.5107
mooc,TCL,kan_mammote_dual_kmote,inductive,average_precision,random,True,0.8135
mooc,TCL,kan_mammote_dual_kmote,inductive,roc_auc,random,True,0.8178
mooc,TCL,kan_mammote_dual_kmote,transductive,average_precision,random,True,0.841
mooc,TCL,kan_mammote_dual_kmote,transductive,roc_auc,random,True,0.8513
reddit,TCL,kan_mammote_dual_kmote,inductive,average_precision,random,True,0.9576
reddit,TCL,kan_mammote_dual_kmote,inductive,roc_auc,random,True,0.9544
reddit,TCL,kan_mammote_dual_kmote,transductive,average_precision,random,True,0.9802
reddit,TCL,kan_mammote_dual_kmote,transductive,roc_auc,random,True,0.9793
uci,TCL,kan_mammote_dual_kmote,inductive,average_precision,random,True,0.8854
uci,TCL,kan_mammote_dual_kmote,inductive,roc_auc,random,True,0.8625
uci,TCL,kan_mammote_dual_kmote,transductive,average_precision,random,True,0.9237
uci,TCL,kan_mammote_dual_kmote,transductive,roc_auc,random,True,0.915
wikipedia,TCL,kan_mammote_dual_kmote,inductive,average_precision,random,True,0.9764
wikipedia,TCL,kan_mammote_dual_kmote,inductive,roc_auc,random,True,0.9723
wikipedia,TCL,kan_mammote_dual_kmote,transductive,average_precision,random,True,0.9791
wikipedia,TCL,kan_mammote_dual_kmote,transductive,roc_auc,random,True,0.9753
CanParl,TGAT,kan_mammote_dual_kmote,inductive,average_precision,random,True,0.5493
CanParl,TGAT,kan_mammote_dual_kmote,inductive,roc_auc,random,True,0.5755
CanParl,TGAT,kan_mammote_dual_kmote,transductive,average_precision,random,True,0.612
CanParl,TGAT,kan_mammote_dual_kmote,transductive,roc_auc,random,True,0.6509
Contacts,TGAT,kan_mammote_dual_kmote,inductive,average_precision,random,False,
Contacts,TGAT,kan_mammote_dual_kmote,inductive,roc_auc,random,False,
Contacts,TGAT,kan_mammote_dual_kmote,transductive,average_precision,random,False,
Contacts,TGAT,kan_mammote_dual_kmote,transductive,roc_auc,random,False,
Flights,TGAT,kan_mammote_dual_kmote,inductive,average_precision,random,False,
Flights,TGAT,kan_mammote_dual_kmote,inductive,roc_auc,random,False,
Flights,TGAT,kan_mammote_dual_kmote,transductive,average_precision,random,False,
Flights,TGAT,kan_mammote_dual_kmote,transductive,roc_auc,random,False,
SocialEvo,TGAT,kan_mammote_dual_kmote,inductive,average_precision,random,False,
SocialEvo,TGAT,kan_mammote_dual_kmote,inductive,roc_auc,random,False,
SocialEvo,TGAT,kan_mammote_dual_kmote,transductive,average_precision,random,False,
SocialEvo,TGAT,kan_mammote_dual_kmote,transductive,roc_auc,random,False,
UNtrade,TGAT,kan_mammote_dual_kmote,inductive,average_precision,random,False,
UNtrade,TGAT,kan_mammote_dual_kmote,inductive,roc_auc,random,False,
UNtrade,TGAT,kan_mammote_dual_kmote,transductive,average_precision,random,False,
UNtrade,TGAT,kan_mammote_dual_kmote,transductive,roc_auc,random,False,
UNvote,TGAT,kan_mammote_dual_kmote,inductive,average_precision,random,True,0.5016
UNvote,TGAT,kan_mammote_dual_kmote,inductive,roc_auc,random,True,0.4983
UNvote,TGAT,kan_mammote_dual_kmote,transductive,average_precision,random,True,0.5159
UNvote,TGAT,kan_mammote_dual_kmote,transductive,roc_auc,random,True,0.5275
USLegis,TGAT,kan_mammote_dual_kmote,inductive,average_precision,random,True,0.5003
USLegis,TGAT,kan_mammote_dual_kmote,inductive,roc_auc,random,True,0.48
USLegis,TGAT,kan_mammote_dual_kmote,transductive,average_precision,random,True,0.6817
USLegis,TGAT,kan_mammote_dual_kmote,transductive,roc_auc,random,True,0.7503
enron,TGAT,kan_mammote_dual_kmote,inductive,average_precision,random,True,0.6419
enron,TGAT,kan_mammote_dual_kmote,inductive,roc_auc,random,True,0.6598
enron,TGAT,kan_mammote_dual_kmote,transductive,average_precision,random,True,0.694
enron,TGAT,kan_mammote_dual_kmote,transductive,roc_auc,random,True,0.7033
lastfm,TGAT,kan_mammote_dual_kmote,inductive,average_precision,random,False,
lastfm,TGAT,kan_mammote_dual_kmote,inductive,roc_auc,random,False,
lastfm,TGAT,kan_mammote_dual_kmote,transductive,average_precision,random,False,
lastfm,TGAT,kan_mammote_dual_kmote,transductive,roc_auc,random,False,
mooc,TGAT,kan_mammote_dual_kmote,inductive,average_precision,random,True,0.8908
mooc,TGAT,kan_mammote_dual_kmote,inductive,roc_auc,random,True,0.9028
mooc,TGAT,kan_mammote_dual_kmote,transductive,average_precision,random,True,0.8982
mooc,TGAT,kan_mammote_dual_kmote,transductive,roc_auc,random,True,0.9135
reddit,TGAT,kan_mammote_dual_kmote,inductive,average_precision,random,False,
reddit,TGAT,kan_mammote_dual_kmote,inductive,roc_auc,random,False,
reddit,TGAT,kan_mammote_dual_kmote,transductive,average_precision,random,False,
reddit,TGAT,kan_mammote_dual_kmote,transductive,roc_auc,random,False,
uci,TGAT,kan_mammote_dual_kmote,inductive,average_precision,random,True,0.889
uci,TGAT,kan_mammote_dual_kmote,inductive,roc_auc,random,True,0.8685
uci,TGAT,kan_mammote_dual_kmote,transductive,average_precision,random,True,0.926
uci,TGAT,kan_mammote_dual_kmote,transductive,roc_auc,random,True,0.9192
wikipedia,TGAT,kan_mammote_dual_kmote,inductive,average_precision,random,True,0.9819
wikipedia,TGAT,kan_mammote_dual_kmote,inductive,roc_auc,random,True,0.981
wikipedia,TGAT,kan_mammote_dual_kmote,transductive,average_precision,random,True,0.9851
wikipedia,TGAT,kan_mammote_dual_kmote,transductive,roc_auc,random,True,0.9839
CanParl,TGN,kan_mammote_dual_kmote,inductive,average_precision,random,True,0.55
CanParl,TGN,kan_mammote_dual_kmote,inductive,roc_auc,random,True,0.5782
CanParl,TGN,kan_mammote_dual_kmote,transductive,average_precision,random,True,0.7574
CanParl,TGN,kan_mammote_dual_kmote,transductive,roc_auc,random,True,0.8304
Contacts,TGN,kan_mammote_dual_kmote,inductive,average_precision,random,True,0.9318
Contacts,TGN,kan_mammote_dual_kmote,inductive,roc_auc,random,True,0.9474
Contacts,TGN,kan_mammote_dual_kmote,transductive,average_precision,random,True,0.9749
Contacts,TGN,kan_mammote_dual_kmote,transductive,roc_auc,random,True,0.9806
Flights,TGN,kan_mammote_dual_kmote,inductive,average_precision,random,True,0.9554
Flights,TGN,kan_mammote_dual_kmote,inductive,roc_auc,random,True,0.9624
Flights,TGN,kan_mammote_dual_kmote,transductive,average_precision,random,True,0.9795
Flights,TGN,kan_mammote_dual_kmote,transductive,roc_auc,random,True,0.9818
SocialEvo,TGN,kan_mammote_dual_kmote,inductive,average_precision,random,True,0.9233
SocialEvo,TGN,kan_mammote_dual_kmote,inductive,roc_auc,random,True,0.9457
SocialEvo,TGN,kan_mammote_dual_kmote,transductive,average_precision,random,True,0.9429
SocialEvo,TGN,kan_mammote_dual_kmote,transductive,roc_auc,random,True,0.9605
UNtrade,TGN,kan_mammote_dual_kmote,inductive,average_precision,random,True,0.5868
UNtrade,TGN,kan_mammote_dual_kmote,inductive,roc_auc,random,True,0.5931
UNtrade,TGN,kan_mammote_dual_kmote,transductive,average_precision,random,True,0.6517
UNtrade,TGN,kan_mammote_dual_kmote,transductive,roc_auc,random,True,0.6899
UNvote,TGN,kan_mammote_dual_kmote,inductive,average_precision,random,True,0.5902
UNvote,TGN,kan_mammote_dual_kmote,inductive,roc_auc,random,True,0.6142
UNvote,TGN,kan_mammote_dual_kmote,transductive,average_precision,random,True,0.6637
UNvote,TGN,kan_mammote_dual_kmote,transductive,roc_auc,random,True,0.7061
USLegis,TGN,kan_mammote_dual_kmote,inductive,average_precision,random,True,0.5745
USLegis,TGN,kan_mammote_dual_kmote,inductive,roc_auc,random,True,0.6035
USLegis,TGN,kan_mammote_dual_kmote,transductive,average_precision,random,True,0.7334
USLegis,TGN,kan_mammote_dual_kmote,transductive,roc_auc,random,True,0.8087
enron,TGN,kan_mammote_dual_kmote,inductive,average_precision,random,True,0.8131
enron,TGN,kan_mammote_dual_kmote,inductive,roc_auc,random,True,0.8265
enron,TGN,kan_mammote_dual_kmote,transductive,average_precision,random,True,0.8765
enron,TGN,kan_mammote_dual_kmote,transductive,roc_auc,random,True,0.8868
lastfm,TGN,kan_mammote_dual_kmote,inductive,average_precision,random,True,0.8843
lastfm,TGN,kan_mammote_dual_kmote,inductive,roc_auc,random,True,0.8809
lastfm,TGN,kan_mammote_dual_kmote,transductive,average_precision,random,True,0.8373
lastfm,TGN,kan_mammote_dual_kmote,transductive,roc_auc,random,True,0.8331
mooc,TGN,kan_mammote_dual_kmote,inductive,average_precision,random,True,0.9128
mooc,TGN,kan_mammote_dual_kmote,inductive,roc_auc,random,True,0.9232
mooc,TGN,kan_mammote_dual_kmote,transductive,average_precision,random,True,0.9115
mooc,TGN,kan_mammote_dual_kmote,transductive,roc_auc,random,True,0.9263
reddit,TGN,kan_mammote_dual_kmote,inductive,average_precision,random,True,0.9777
reddit,TGN,kan_mammote_dual_kmote,inductive,roc_auc,random,True,0.9767
reddit,TGN,kan_mammote_dual_kmote,transductive,average_precision,random,True,0.9878
reddit,TGN,kan_mammote_dual_kmote,transductive,roc_auc,random,True,0.9876
uci,TGN,kan_mammote_dual_kmote,inductive,average_precision,random,True,0.8641
uci,TGN,kan_mammote_dual_kmote,inductive,roc_auc,random,True,0.8425
uci,TGN,kan_mammote_dual_kmote,transductive,average_precision,random,True,0.9014
uci,TGN,kan_mammote_dual_kmote,transductive,roc_auc,random,True,0.8936
wikipedia,TGN,kan_mammote_dual_kmote,inductive,average_precision,random,True,0.9827
wikipedia,TGN,kan_mammote_dual_kmote,inductive,roc_auc,random,True,0.9818
wikipedia,TGN,kan_mammote_dual_kmote,transductive,average_precision,random,True,0.9877
wikipedia,TGN,kan_mammote_dual_kmote,transductive,roc_auc,random,True,0.9871
CanParl,DyGFormer,lete,inductive,average_precision,random,False,
CanParl,DyGFormer,lete,inductive,roc_auc,random,False,
CanParl,DyGFormer,lete,transductive,average_precision,random,False,
CanParl,DyGFormer,lete,transductive,roc_auc,random,False,
Contacts,DyGFormer,lete,inductive,average_precision,random,False,
Contacts,DyGFormer,lete,inductive,roc_auc,random,False,
Contacts,DyGFormer,lete,transductive,average_precision,random,False,
Contacts,DyGFormer,lete,transductive,roc_auc,random,False,
Flights,DyGFormer,lete,inductive,average_precision,random,False,
Flights,DyGFormer,lete,inductive,roc_auc,random,False,
Flights,DyGFormer,lete,transductive,average_precision,random,False,
Flights,DyGFormer,lete,transductive,roc_auc,random,False,
SocialEvo,DyGFormer,lete,inductive,average_precision,random,False,
SocialEvo,DyGFormer,lete,inductive,roc_auc,random,False,
SocialEvo,DyGFormer,lete,transductive,average_precision,random,False,
SocialEvo,DyGFormer,lete,transductive,roc_auc,random,False,
UNtrade,DyGFormer,lete,inductive,average_precision,random,False,
UNtrade,DyGFormer,lete,inductive,roc_auc,random,False,
UNtrade,DyGFormer,lete,transductive,average_precision,random,False,
UNtrade,DyGFormer,lete,transductive,roc_auc,random,False,
UNvote,DyGFormer,lete,inductive,average_precision,random,False,
UNvote,DyGFormer,lete,inductive,roc_auc,random,False,
UNvote,DyGFormer,lete,transductive,average_precision,random,False,
UNvote,DyGFormer,lete,transductive,roc_auc,random,False,
USLegis,DyGFormer,lete,inductive,average_precision,random,False,
USLegis,DyGFormer,lete,inductive,roc_auc,random,False,
USLegis,DyGFormer,lete,transductive,average_precision,random,False,
USLegis,DyGFormer,lete,transductive,roc_auc,random,False,
enron,DyGFormer,lete,inductive,average_precision,random,False,
enron,DyGFormer,lete,inductive,roc_auc,random,False,
enron,DyGFormer,lete,transductive,average_precision,random,False,
enron,DyGFormer,lete,transductive,roc_auc,random,False,
lastfm,DyGFormer,lete,inductive,average_precision,random,False,
lastfm,DyGFormer,lete,inductive,roc_auc,random,False,
lastfm,DyGFormer,lete,transductive,average_precision,random,False,
lastfm,DyGFormer,lete,transductive,roc_auc,random,False,
mooc,DyGFormer,lete,inductive,average_precision,random,True,0.8605
mooc,DyGFormer,lete,inductive,roc_auc,random,True,0.8649
mooc,DyGFormer,lete,transductive,average_precision,random,True,0.8888
mooc,DyGFormer,lete,transductive,roc_auc,random,True,0.8979
reddit,DyGFormer,lete,inductive,average_precision,random,True,0.9877
reddit,DyGFormer,lete,inductive,roc_auc,random,True,0.9863
reddit,DyGFormer,lete,transductive,average_precision,random,True,0.9926
reddit,DyGFormer,lete,transductive,roc_auc,random,True,0.9919
uci,DyGFormer,lete,inductive,average_precision,random,False,
uci,DyGFormer,lete,inductive,roc_auc,random,False,
uci,DyGFormer,lete,transductive,average_precision,random,False,
uci,DyGFormer,lete,transductive,roc_auc,random,False,
wikipedia,DyGFormer,lete,inductive,average_precision,random,True,0.9906
wikipedia,DyGFormer,lete,inductive,roc_auc,random,True,0.9906
wikipedia,DyGFormer,lete,transductive,average_precision,random,True,0.9941
wikipedia,DyGFormer,lete,transductive,roc_auc,random,True,0.9938
CanParl,DyGMamba,lete,inductive,average_precision,random,False,
CanParl,DyGMamba,lete,inductive,roc_auc,random,False,
CanParl,DyGMamba,lete,transductive,average_precision,random,False,
CanParl,DyGMamba,lete,transductive,roc_auc,random,False,
Contacts,DyGMamba,lete,inductive,average_precision,random,False,
Contacts,DyGMamba,lete,inductive,roc_auc,random,False,
Contacts,DyGMamba,lete,transductive,average_precision,random,False,
Contacts,DyGMamba,lete,transductive,roc_auc,random,False,
Flights,DyGMamba,lete,inductive,average_precision,random,False,
Flights,DyGMamba,lete,inductive,roc_auc,random,False,
Flights,DyGMamba,lete,transductive,average_precision,random,False,
Flights,DyGMamba,lete,transductive,roc_auc,random,False,
SocialEvo,DyGMamba,lete,inductive,average_precision,random,False,
SocialEvo,DyGMamba,lete,inductive,roc_auc,random,False,
SocialEvo,DyGMamba,lete,transductive,average_precision,random,False,
SocialEvo,DyGMamba,lete,transductive,roc_auc,random,False,
UNtrade,DyGMamba,lete,inductive,average_precision,random,False,
UNtrade,DyGMamba,lete,inductive,roc_auc,random,False,
UNtrade,DyGMamba,lete,transductive,average_precision,random,False,
UNtrade,DyGMamba,lete,transductive,roc_auc,random,False,
UNvote,DyGMamba,lete,inductive,average_precision,random,False,
UNvote,DyGMamba,lete,inductive,roc_auc,random,False,
UNvote,DyGMamba,lete,transductive,average_precision,random,False,
UNvote,DyGMamba,lete,transductive,roc_auc,random,False,
USLegis,DyGMamba,lete,inductive,average_precision,random,False,
USLegis,DyGMamba,lete,inductive,roc_auc,random,False,
USLegis,DyGMamba,lete,transductive,average_precision,random,False,
USLegis,DyGMamba,lete,transductive,roc_auc,random,False,
enron,DyGMamba,lete,inductive,average_precision,random,False,
enron,DyGMamba,lete,inductive,roc_auc,random,False,
enron,DyGMamba,lete,transductive,average_precision,random,False,
enron,DyGMamba,lete,transductive,roc_auc,random,False,
lastfm,DyGMamba,lete,inductive,average_precision,random,False,
lastfm,DyGMamba,lete,inductive,roc_auc,random,False,
lastfm,DyGMamba,lete,transductive,average_precision,random,False,
lastfm,DyGMamba,lete,transductive,roc_auc,random,False,
mooc,DyGMamba,lete,inductive,average_precision,random,True,0.8865
mooc,DyGMamba,lete,inductive,roc_auc,random,True,0.8959
mooc,DyGMamba,lete,transductive,average_precision,random,True,0.9042
mooc,DyGMamba,lete,transductive,roc_auc,random,True,0.9153
reddit,DyGMamba,lete,inductive,average_precision,random,True,0.9885
reddit,DyGMamba,lete,inductive,roc_auc,random,True,0.9877
reddit,DyGMamba,lete,transductive,average_precision,random,True,0.9929
reddit,DyGMamba,lete,transductive,roc_auc,random,True,0.9924
uci,DyGMamba,lete,inductive,average_precision,random,False,
uci,DyGMamba,lete,inductive,roc_auc,random,False,
uci,DyGMamba,lete,transductive,average_precision,random,False,
uci,DyGMamba,lete,transductive,roc_auc,random,False,
wikipedia,DyGMamba,lete,inductive,average_precision,random,True,0.9914
wikipedia,DyGMamba,lete,inductive,roc_auc,random,True,0.991
wikipedia,DyGMamba,lete,transductive,average_precision,random,True,0.9944
wikipedia,DyGMamba,lete,transductive,roc_auc,random,True,0.9941
CanParl,JODIE,lete,inductive,average_precision,random,True,0.551
CanParl,JODIE,lete,inductive,roc_auc,random,True,0.5613
CanParl,JODIE,lete,transductive,average_precision,random,True,0.6889
CanParl,JODIE,lete,transductive,roc_auc,random,True,0.7773
Contacts,JODIE,lete,inductive,average_precision,random,True,0.9581
Contacts,JODIE,lete,inductive,roc_auc,random,True,0.9636
Contacts,JODIE,lete,transductive,average_precision,random,True,0.9737
Contacts,JODIE,lete,transductive,roc_auc,random,True,0.98
Flights,JODIE,lete,inductive,average_precision,random,True,0.9464
Flights,JODIE,lete,inductive,roc_auc,random,True,0.9487
Flights,JODIE,lete,transductive,average_precision,random,True,0.9555
Flights,JODIE,lete,transductive,roc_auc,random,True,0.9592
SocialEvo,JODIE,lete,inductive,average_precision,random,True,0.927
SocialEvo,JODIE,lete,inductive,roc_auc,random,True,0.9416
SocialEvo,JODIE,lete,transductive,average_precision,random,True,0.9005
SocialEvo,JODIE,lete,transductive,roc_auc,random,True,0.9209
UNtrade,JODIE,lete,inductive,average_precision,random,True,0.5801
UNtrade,JODIE,lete,inductive,roc_auc,random,True,0.604
UNtrade,JODIE,lete,transductive,average_precision,random,True,0.636
UNtrade,JODIE,lete,transductive,roc_auc,random,True,0.6816
UNvote,JODIE,lete,inductive,average_precision,random,True,0.5661
UNvote,JODIE,lete,inductive,roc_auc,random,True,0.571
UNvote,JODIE,lete,transductive,average_precision,random,True,0.6431
UNvote,JODIE,lete,transductive,roc_auc,random,True,0.6859
USLegis,JODIE,lete,inductive,average_precision,random,True,0.5524
USLegis,JODIE,lete,inductive,roc_auc,random,True,0.5824
USLegis,JODIE,lete,transductive,average_precision,random,True,0.7502
USLegis,JODIE,lete,transductive,roc_auc,random,True,0.8248
enron,JODIE,lete,inductive,average_precision,random,True,0.84
enron,JODIE,lete,inductive,roc_auc,random,True,0.8563
enron,JODIE,lete,transductive,average_precision,random,True,0.8599
enron,JODIE,lete,transductive,roc_auc,random,True,0.8835
lastfm,JODIE,lete,inductive,average_precision,random,True,0.832
lastfm,JODIE,lete,inductive,roc_auc,random,True,0.8221
lastfm,JODIE,lete,transductive,average_precision,random,True,0.7212
lastfm,JODIE,lete,transductive,roc_auc,random,True,0.711
mooc,JODIE,lete,inductive,average_precision,random,True,0.8149
mooc,JODIE,lete,inductive,roc_auc,random,True,0.8475
mooc,JODIE,lete,transductive,average_precision,random,True,0.8171
mooc,JODIE,lete,transductive,roc_auc,random,True,0.8516
reddit,JODIE,lete,inductive,average_precision,random,True,0.9654
reddit,JODIE,lete,inductive,roc_auc,random,True,0.9651
reddit,JODIE,lete,transductive,average_precision,random,True,0.9834
reddit,JODIE,lete,transductive,roc_auc,random,True,0.983
uci,JODIE,lete,inductive,average_precision,random,True,0.7905
uci,JODIE,lete,inductive,roc_auc,random,True,0.7901
uci,JODIE,lete,transductive,average_precision,random,True,0.8949
uci,JODIE,lete,transductive,roc_auc,random,True,0.9093
wikipedia,JODIE,lete,inductive,average_precision,random,True,0.9444
wikipedia,JODIE,lete,inductive,roc_auc,random,True,0.9374
wikipedia,JODIE,lete,transductive,average_precision,random,True,0.9617
wikipedia,JODIE,lete,transductive,roc_auc,random,True,0.9608
CanParl,TCL,lete,inductive,average_precision,random,False,
CanParl,TCL,lete,inductive,roc_auc,random,False,
CanParl,TCL,lete,transductive,average_precision,random,False,
CanParl,TCL,lete,transductive,roc_auc,random,False,
Contacts,TCL,lete,inductive,average_precision,random,False,
Contacts,TCL,lete,inductive,roc_auc,random,False,
Contacts,TCL,lete,transductive,average_precision,random,False,
Contacts,TCL,lete,transductive,roc_auc,random,False,
Flights,TCL,lete,inductive,average_precision,random,False,
Flights,TCL,lete,inductive,roc_auc,random,False,
Flights,TCL,lete,transductive,average_precision,random,False,
Flights,TCL,lete,transductive,roc_auc,random,False,
SocialEvo,TCL,lete,inductive,average_precision,random,True,0.9165
SocialEvo,TCL,lete,inductive,roc_auc,random,True,0.9409
SocialEvo,TCL,lete,transductive,average_precision,random,True,0.9322
SocialEvo,TCL,lete,transductive,roc_auc,random,True,0.9512
UNtrade,TCL,lete,inductive,average_precision,random,False,
UNtrade,TCL,lete,inductive,roc_auc,random,False,
UNtrade,TCL,lete,transductive,average_precision,random,False,
UNtrade,TCL,lete,transductive,roc_auc,random,False,
UNvote,TCL,lete,inductive,average_precision,random,False,
UNvote,TCL,lete,inductive,roc_auc,random,False,
UNvote,TCL,lete,transductive,average_precision,random,False,
UNvote,TCL,lete,transductive,roc_auc,random,False,
USLegis,TCL,lete,inductive,average_precision,random,False,
USLegis,TCL,lete,inductive,roc_auc,random,False,
USLegis,TCL,lete,transductive,average_precision,random,False,
USLegis,TCL,lete,transductive,roc_auc,random,False,
enron,TCL,lete,inductive,average_precision,random,True,0.8429
enron,TCL,lete,inductive,roc_auc,random,True,0.8521
enron,TCL,lete,transductive,average_precision,random,True,0.8858
enron,TCL,lete,transductive,roc_auc,random,True,0.8901
lastfm,TCL,lete,inductive,average_precision,random,True,0.8283
lastfm,TCL,lete,inductive,roc_auc,random,True,0.789
lastfm,TCL,lete,transductive,average_precision,random,True,0.7927
lastfm,TCL,lete,transductive,roc_auc,random,True,0.7504
mooc,TCL,lete,inductive,average_precision,random,True,0.8123
mooc,TCL,lete,inductive,roc_auc,random,True,0.8156
mooc,TCL,lete,transductive,average_precision,random,True,0.8509
mooc,TCL,lete,transductive,roc_auc,random,True,0.8611
reddit,TCL,lete,inductive,average_precision,random,True,0.9571
reddit,TCL,lete,inductive,roc_auc,random,True,0.9536
reddit,TCL,lete,transductive,average_precision,random,True,0.9801
reddit,TCL,lete,transductive,roc_auc,random,True,0.9792
uci,TCL,lete,inductive,average_precision,random,False,
uci,TCL,lete,inductive,roc_auc,random,False,
uci,TCL,lete,transductive,average_precision,random,False,
uci,TCL,lete,transductive,roc_auc,random,False,
wikipedia,TCL,lete,inductive,average_precision,random,True,0.9848
wikipedia,TCL,lete,inductive,roc_auc,random,True,0.9821
wikipedia,TCL,lete,transductive,average_precision,random,True,0.9875
wikipedia,TCL,lete,transductive,roc_auc,random,True,0.9855
CanParl,TGAT,lete,inductive,average_precision,random,False,
CanParl,TGAT,lete,inductive,roc_auc,random,False,
CanParl,TGAT,lete,transductive,average_precision,random,False,
CanParl,TGAT,lete,transductive,roc_auc,random,False,
Contacts,TGAT,lete,inductive,average_precision,random,False,
Contacts,TGAT,lete,inductive,roc_auc,random,False,
Contacts,TGAT,lete,transductive,average_precision,random,False,
Contacts,TGAT,lete,transductive,roc_auc,random,False,
Flights,TGAT,lete,inductive,average_precision,random,False,
Flights,TGAT,lete,inductive,roc_auc,random,False,
Flights,TGAT,lete,transductive,average_precision,random,False,
Flights,TGAT,lete,transductive,roc_auc,random,False,
SocialEvo,TGAT,lete,inductive,average_precision,random,False,
SocialEvo,TGAT,lete,inductive,roc_auc,random,False,
SocialEvo,TGAT,lete,transductive,average_precision,random,False,
SocialEvo,TGAT,lete,transductive,roc_auc,random,False,
UNtrade,TGAT,lete,inductive,average_precision,random,False,
UNtrade,TGAT,lete,inductive,roc_auc,random,False,
UNtrade,TGAT,lete,transductive,average_precision,random,False,
UNtrade,TGAT,lete,transductive,roc_auc,random,False,
UNvote,TGAT,lete,inductive,average_precision,random,False,
UNvote,TGAT,lete,inductive,roc_auc,random,False,
UNvote,TGAT,lete,transductive,average_precision,random,False,
UNvote,TGAT,lete,transductive,roc_auc,random,False,
USLegis,TGAT,lete,inductive,average_precision,random,False,
USLegis,TGAT,lete,inductive,roc_auc,random,False,
USLegis,TGAT,lete,transductive,average_precision,random,False,
USLegis,TGAT,lete,transductive,roc_auc,random,False,
enron,TGAT,lete,inductive,average_precision,random,False,
enron,TGAT,lete,inductive,roc_auc,random,False,
enron,TGAT,lete,transductive,average_precision,random,False,
enron,TGAT,lete,transductive,roc_auc,random,False,
lastfm,TGAT,lete,inductive,average_precision,random,False,
lastfm,TGAT,lete,inductive,roc_auc,random,False,
lastfm,TGAT,lete,transductive,average_precision,random,False,
lastfm,TGAT,lete,transductive,roc_auc,random,False,
mooc,TGAT,lete,inductive,average_precision,random,False,
mooc,TGAT,lete,inductive,roc_auc,random,False,
mooc,TGAT,lete,transductive,average_precision,random,False,
mooc,TGAT,lete,transductive,roc_auc,random,False,
reddit,TGAT,lete,inductive,average_precision,random,True,0.9723
reddit,TGAT,lete,inductive,roc_auc,random,True,0.9714
reddit,TGAT,lete,transductive,average_precision,random,True,0.9867
reddit,TGAT,lete,transductive,roc_auc,random,True,0.9861
uci,TGAT,lete,inductive,average_precision,random,False,
uci,TGAT,lete,inductive,roc_auc,random,False,
uci,TGAT,lete,transductive,average_precision,random,False,
uci,TGAT,lete,transductive,roc_auc,random,False,
wikipedia,TGAT,lete,inductive,average_precision,random,True,0.9811
wikipedia,TGAT,lete,inductive,roc_auc,random,True,0.9797
wikipedia,TGAT,lete,transductive,average_precision,random,True,0.9861
wikipedia,TGAT,lete,transductive,roc_auc,random,True,0.9851
CanParl,TGN,lete,inductive,average_precision,random,True,0.5383
CanParl,TGN,lete,inductive,roc_auc,random,True,0.5567
CanParl,TGN,lete,transductive,average_precision,random,True,0.6849
CanParl,TGN,lete,transductive,roc_auc,random,True,0.7506
Contacts,TGN,lete,inductive,average_precision,random,True,0.9437
Contacts,TGN,lete,inductive,roc_auc,random,True,0.9572
Contacts,TGN,lete,transductive,average_precision,random,True,0.9758
Contacts,TGN,lete,transductive,roc_auc,random,True,0.9814
Flights,TGN,lete,inductive,average_precision,random,False,
Flights,TGN,lete,inductive,roc_auc,random,False,
Flights,TGN,lete,transductive,average_precision,random,False,
Flights,TGN,lete,transductive,roc_auc,random,False,
SocialEvo,TGN,lete,inductive,average_precision,random,True,0.9021
SocialEvo,TGN,lete,inductive,roc_auc,random,True,0.9296
SocialEvo,TGN,lete,transductive,average_precision,random,True,0.9363
SocialEvo,TGN,lete,transductive,roc_auc,random,True,0.9553
UNtrade,TGN,lete,inductive,average_precision,random,False,
UNtrade,TGN,lete,inductive,roc_auc,random,False,
UNtrade,TGN,lete,transductive,average_precision,random,False,
UNtrade,TGN,lete,transductive,roc_auc,random,False,
UNvote,TGN,lete,inductive,average_precision,random,False,
UNvote,TGN,lete,inductive,roc_auc,random,False,
UNvote,TGN,lete,transductive,average_precision,random,False,
UNvote,TGN,lete,transductive,roc_auc,random,False,
USLegis,TGN,lete,inductive,average_precision,random,False,
USLegis,TGN,lete,inductive,roc_auc,random,False,
USLegis,TGN,lete,transductive,average_precision,random,False,
USLegis,TGN,lete,transductive,roc_auc,random,False,
enron,TGN,lete,inductive,average_precision,random,True,0.8456
enron,TGN,lete,inductive,roc_auc,random,True,0.8633
enron,TGN,lete,transductive,average_precision,random,True,0.8922
enron,TGN,lete,transductive,roc_auc,random,True,0.9067
lastfm,TGN,lete,inductive,average_precision,random,True,0.8407
lastfm,TGN,lete,inductive,roc_auc,random,True,0.8355
lastfm,TGN,lete,transductive,average_precision,random,True,0.7801
lastfm,TGN,lete,transductive,roc_auc,random,True,0.7735
mooc,TGN,lete,inductive,average_precision,random,True,0.9044
mooc,TGN,lete,inductive,roc_auc,random,True,0.9169
mooc,TGN,lete,transductive,average_precision,random,True,0.9095
mooc,TGN,lete,transductive,roc_auc,random,True,0.9239
reddit,TGN,lete,inductive,average_precision,random,True,0.9765
reddit,TGN,lete,inductive,roc_auc,random,True,0.9755
reddit,TGN,lete,transductive,average_precision,random,True,0.9877
reddit,TGN,lete,transductive,roc_auc,random,True,0.9874
uci,TGN,lete,inductive,average_precision,random,True,0.8285
uci,TGN,lete,inductive,roc_auc,random,True,0.8465
uci,TGN,lete,transductive,average_precision,random,True,0.8283
uci,TGN,lete,transductive,roc_auc,random,True,0.8323
wikipedia,TGN,lete,inductive,average_precision,random,True,0.9835
wikipedia,TGN,lete,inductive,roc_auc,random,True,0.983
wikipedia,TGN,lete,transductive,average_precision,random,True,0.9891
wikipedia,TGN,lete,transductive,roc_auc,random,True,0.9887
CanParl,DyGFormer,mercer,inductive,average_precision,random,False,
CanParl,DyGFormer,mercer,inductive,roc_auc,random,False,
CanParl,DyGFormer,mercer,transductive,average_precision,random,False,
CanParl,DyGFormer,mercer,transductive,roc_auc,random,False,
Contacts,DyGFormer,mercer,inductive,average_precision,random,False,
Contacts,DyGFormer,mercer,inductive,roc_auc,random,False,
Contacts,DyGFormer,mercer,transductive,average_precision,random,False,
Contacts,DyGFormer,mercer,transductive,roc_auc,random,False,
Flights,DyGFormer,mercer,inductive,average_precision,random,False,
Flights,DyGFormer,mercer,inductive,roc_auc,random,False,
Flights,DyGFormer,mercer,transductive,average_precision,random,False,
Flights,DyGFormer,mercer,transductive,roc_auc,random,False,
SocialEvo,DyGFormer,mercer,inductive,average_precision,random,False,
SocialEvo,DyGFormer,mercer,inductive,roc_auc,random,False,
SocialEvo,DyGFormer,mercer,transductive,average_precision,random,False,
SocialEvo,DyGFormer,mercer,transductive,roc_auc,random,False,
UNtrade,DyGFormer,mercer,inductive,average_precision,random,False,
UNtrade,DyGFormer,mercer,inductive,roc_auc,random,False,
UNtrade,DyGFormer,mercer,transductive,average_precision,random,False,
UNtrade,DyGFormer,mercer,transductive,roc_auc,random,False,
UNvote,DyGFormer,mercer,inductive,average_precision,random,False,
UNvote,DyGFormer,mercer,inductive,roc_auc,random,False,
UNvote,DyGFormer,mercer,transductive,average_precision,random,False,
UNvote,DyGFormer,mercer,transductive,roc_auc,random,False,
USLegis,DyGFormer,mercer,inductive,average_precision,random,False,
USLegis,DyGFormer,mercer,inductive,roc_auc,random,False,
USLegis,DyGFormer,mercer,transductive,average_precision,random,False,
USLegis,DyGFormer,mercer,transductive,roc_auc,random,False,
enron,DyGFormer,mercer,inductive,average_precision,random,False,
enron,DyGFormer,mercer,inductive,roc_auc,random,False,
enron,DyGFormer,mercer,transductive,average_precision,random,False,
enron,DyGFormer,mercer,transductive,roc_auc,random,False,
lastfm,DyGFormer,mercer,inductive,average_precision,random,False,
lastfm,DyGFormer,mercer,inductive,roc_auc,random,False,
lastfm,DyGFormer,mercer,transductive,average_precision,random,False,
lastfm,DyGFormer,mercer,transductive,roc_auc,random,False,
mooc,DyGFormer,mercer,inductive,average_precision,random,True,0.8851
mooc,DyGFormer,mercer,inductive,roc_auc,random,True,0.8908
mooc,DyGFormer,mercer,transductive,average_precision,random,True,0.8944
mooc,DyGFormer,mercer,transductive,roc_auc,random,True,0.9024
reddit,DyGFormer,mercer,inductive,average_precision,random,True,0.9876
reddit,DyGFormer,mercer,inductive,roc_auc,random,True,0.9865
reddit,DyGFormer,mercer,transductive,average_precision,random,True,0.9924
reddit,DyGFormer,mercer,transductive,roc_auc,random,True,0.9917
uci,DyGFormer,mercer,inductive,average_precision,random,False,
uci,DyGFormer,mercer,inductive,roc_auc,random,False,
uci,DyGFormer,mercer,transductive,average_precision,random,False,
uci,DyGFormer,mercer,transductive,roc_auc,random,False,
wikipedia,DyGFormer,mercer,inductive,average_precision,random,True,0.9917
wikipedia,DyGFormer,mercer,inductive,roc_auc,random,True,0.9915
wikipedia,DyGFormer,mercer,transductive,average_precision,random,True,0.9941
wikipedia,DyGFormer,mercer,transductive,roc_auc,random,True,0.9939
CanParl,DyGMamba,mercer,inductive,average_precision,random,False,
CanParl,DyGMamba,mercer,inductive,roc_auc,random,False,
CanParl,DyGMamba,mercer,transductive,average_precision,random,False,
CanParl,DyGMamba,mercer,transductive,roc_auc,random,False,
Contacts,DyGMamba,mercer,inductive,average_precision,random,False,
Contacts,DyGMamba,mercer,inductive,roc_auc,random,False,
Contacts,DyGMamba,mercer,transductive,average_precision,random,False,
Contacts,DyGMamba,mercer,transductive,roc_auc,random,False,
Flights,DyGMamba,mercer,inductive,average_precision,random,False,
Flights,DyGMamba,mercer,inductive,roc_auc,random,False,
Flights,DyGMamba,mercer,transductive,average_precision,random,False,
Flights,DyGMamba,mercer,transductive,roc_auc,random,False,
SocialEvo,DyGMamba,mercer,inductive,average_precision,random,False,
SocialEvo,DyGMamba,mercer,inductive,roc_auc,random,False,
SocialEvo,DyGMamba,mercer,transductive,average_precision,random,False,
SocialEvo,DyGMamba,mercer,transductive,roc_auc,random,False,
UNtrade,DyGMamba,mercer,inductive,average_precision,random,False,
UNtrade,DyGMamba,mercer,inductive,roc_auc,random,False,
UNtrade,DyGMamba,mercer,transductive,average_precision,random,False,
UNtrade,DyGMamba,mercer,transductive,roc_auc,random,False,
UNvote,DyGMamba,mercer,inductive,average_precision,random,False,
UNvote,DyGMamba,mercer,inductive,roc_auc,random,False,
UNvote,DyGMamba,mercer,transductive,average_precision,random,False,
UNvote,DyGMamba,mercer,transductive,roc_auc,random,False,
USLegis,DyGMamba,mercer,inductive,average_precision,random,False,
USLegis,DyGMamba,mercer,inductive,roc_auc,random,False,
USLegis,DyGMamba,mercer,transductive,average_precision,random,False,
USLegis,DyGMamba,mercer,transductive,roc_auc,random,False,
enron,DyGMamba,mercer,inductive,average_precision,random,True,0.8847
enron,DyGMamba,mercer,inductive,roc_auc,random,True,0.9041
enron,DyGMamba,mercer,transductive,average_precision,random,True,0.9161
enron,DyGMamba,mercer,transductive,roc_auc,random,True,0.9235
lastfm,DyGMamba,mercer,inductive,average_precision,random,True,0.9332
lastfm,DyGMamba,mercer,inductive,roc_auc,random,True,0.9296
lastfm,DyGMamba,mercer,transductive,average_precision,random,True,0.9324
lastfm,DyGMamba,mercer,transductive,roc_auc,random,True,0.9333
mooc,DyGMamba,mercer,inductive,average_precision,random,True,0.8919
mooc,DyGMamba,mercer,inductive,roc_auc,random,True,0.9013
mooc,DyGMamba,mercer,transductive,average_precision,random,True,0.9064
mooc,DyGMamba,mercer,transductive,roc_auc,random,True,0.916
reddit,DyGMamba,mercer,inductive,average_precision,random,True,0.9889
reddit,DyGMamba,mercer,inductive,roc_auc,random,True,0.9883
reddit,DyGMamba,mercer,transductive,average_precision,random,True,0.9931
reddit,DyGMamba,mercer,transductive,roc_auc,random,True,0.9928
uci,DyGMamba,mercer,inductive,average_precision,random,False,
uci,DyGMamba,mercer,inductive,roc_auc,random,False,
uci,DyGMamba,mercer,transductive,average_precision,random,False,
uci,DyGMamba,mercer,transductive,roc_auc,random,False,
wikipedia,DyGMamba,mercer,inductive,average_precision,random,True,0.9917
wikipedia,DyGMamba,mercer,inductive,roc_auc,random,True,0.9917
wikipedia,DyGMamba,mercer,transductive,average_precision,random,True,0.9947
wikipedia,DyGMamba,mercer,transductive,roc_auc,random,True,0.9944
CanParl,JODIE,mercer,inductive,average_precision,random,True,0.5651
CanParl,JODIE,mercer,inductive,roc_auc,random,True,0.5706
CanParl,JODIE,mercer,transductive,average_precision,random,True,0.7065
CanParl,JODIE,mercer,transductive,roc_auc,random,True,0.7954
Contacts,JODIE,mercer,inductive,average_precision,random,True,0.96
Contacts,JODIE,mercer,inductive,roc_auc,random,True,0.9648
Contacts,JODIE,mercer,transductive,average_precision,random,True,0.973
Contacts,JODIE,mercer,transductive,roc_auc,random,True,0.9798
Flights,JODIE,mercer,inductive,average_precision,random,True,0.9523
Flights,JODIE,mercer,inductive,roc_auc,random,True,0.9562
Flights,JODIE,mercer,transductive,average_precision,random,True,0.9676
Flights,JODIE,mercer,transductive,roc_auc,random,True,0.9716
SocialEvo,JODIE,mercer,inductive,average_precision,random,True,0.9133
SocialEvo,JODIE,mercer,inductive,roc_auc,random,True,0.9323
SocialEvo,JODIE,mercer,transductive,average_precision,random,True,0.9039
SocialEvo,JODIE,mercer,transductive,roc_auc,random,True,0.9244
UNtrade,JODIE,mercer,inductive,average_precision,random,True,0.5823
UNtrade,JODIE,mercer,inductive,roc_auc,random,True,0.6078
UNtrade,JODIE,mercer,transductive,average_precision,random,True,0.6433
UNtrade,JODIE,mercer,transductive,roc_auc,random,True,0.6913
UNvote,JODIE,mercer,inductive,average_precision,random,True,0.5854
UNvote,JODIE,mercer,inductive,roc_auc,random,True,0.613
UNvote,JODIE,mercer,transductive,average_precision,random,True,0.6477
UNvote,JODIE,mercer,transductive,roc_auc,random,True,0.6952
USLegis,JODIE,mercer,inductive,average_precision,random,True,0.5342
USLegis,JODIE,mercer,inductive,roc_auc,random,True,0.5661
USLegis,JODIE,mercer,transductive,average_precision,random,True,0.7432
USLegis,JODIE,mercer,transductive,roc_auc,random,True,0.821
enron,JODIE,mercer,inductive,average_precision,random,True,0.8106
enron,JODIE,mercer,inductive,roc_auc,random,True,0.807
enron,JODIE,mercer,transductive,average_precision,random,True,0.8442
enron,JODIE,mercer,transductive,roc_auc,random,True,0.859
lastfm,JODIE,mercer,inductive,average_precision,random,True,0.8153
lastfm,JODIE,mercer,inductive,roc_auc,random,True,0.8231
lastfm,JODIE,mercer,transductive,average_precision,random,True,0.6708
lastfm,JODIE,mercer,transductive,roc_auc,random,True,0.6856
mooc,JODIE,mercer,inductive,average_precision,random,True,0.7954
mooc,JODIE,mercer,inductive,roc_auc,random,True,0.8358
mooc,JODIE,mercer,transductive,average_precision,random,True,0.7858
mooc,JODIE,mercer,transductive,roc_auc,random,True,0.8346
reddit,JODIE,mercer,inductive,average_precision,random,True,0.9693
reddit,JODIE,mercer,inductive,roc_auc,random,True,0.969
reddit,JODIE,mercer,transductive,average_precision,random,True,0.9834
reddit,JODIE,mercer,transductive,roc_auc,random,True,0.9831
uci,JODIE,mercer,inductive,average_precision,random,True,0.7453
uci,JODIE,mercer,inductive,roc_auc,random,True,0.7551
uci,JODIE,mercer,transductive,average_precision,random,True,0.8802
uci,JODIE,mercer,transductive,roc_auc,random,True,0.8982
wikipedia,JODIE,mercer,inductive,average_precision,random,False,
wikipedia,JODIE,mercer,inductive,roc_auc,random,False,
wikipedia,JODIE,mercer,transductive,average_precision,random,False,
wikipedia,JODIE,mercer,transductive,roc_auc,random,False,
CanParl,TCL,mercer,inductive,average_precision,random,True,0.5665
CanParl,TCL,mercer,inductive,roc_auc,random,True,0.5804
CanParl,TCL,mercer,transductive,average_precision,random,True,0.7161
CanParl,TCL,mercer,transductive,roc_auc,random,True,0.7668
Contacts,TCL,mercer,inductive,average_precision,random,True,0.94
Contacts,TCL,mercer,inductive,roc_auc,random,True,0.9482
Contacts,TCL,mercer,transductive,average_precision,random,True,0.952
Contacts,TCL,mercer,transductive,roc_auc,random,True,0.9591
Flights,TCL,mercer,inductive,average_precision,random,True,0.8352
Flights,TCL,mercer,inductive,roc_auc,random,True,0.8268
Flights,TCL,mercer,transductive,average_precision,random,True,0.9117
Flights,TCL,mercer,transductive,roc_auc,random,True,0.9103
SocialEvo,TCL,mercer,inductive,average_precision,random,True,0.9167
SocialEvo,TCL,mercer,inductive,roc_auc,random,True,0.9414
SocialEvo,TCL,mercer,transductive,average_precision,random,True,0.9324
SocialEvo,TCL,mercer,transductive,roc_auc,random,True,0.9516
UNtrade,TCL,mercer,inductive,average_precision,random,True,0.6262
UNtrade,TCL,mercer,inductive,roc_auc,random,True,0.6385
UNtrade,TCL,mercer,transductive,average_precision,random,True,0.6352
UNtrade,TCL,mercer,transductive,roc_auc,random,True,0.669
UNvote,TCL,mercer,inductive,average_precision,random,True,0.5042
UNvote,TCL,mercer,inductive,roc_auc,random,True,0.4988
UNvote,TCL,mercer,transductive,average_precision,random,True,0.5235
UNvote,TCL,mercer,transductive,roc_auc,random,True,0.5269
USLegis,TCL,mercer,inductive,average_precision,random,True,0.5057
USLegis,TCL,mercer,inductive,roc_auc,random,True,0.4818
USLegis,TCL,mercer,transductive,average_precision,random,True,0.6873
USLegis,TCL,mercer,transductive,roc_auc,random,True,0.7519
enron,TCL,mercer,inductive,average_precision,random,True,0.7982
enron,TCL,mercer,inductive,roc_auc,random,True,0.8143
enron,TCL,mercer,transductive,average_precision,random,True,0.8376
enron,TCL,mercer,transductive,roc_auc,random,True,0.8471
lastfm,TCL,mercer,inductive,average_precision,random,True,0.8276
lastfm,TCL,mercer,inductive,roc_auc,random,True,0.7878
lastfm,TCL,mercer,transductive,average_precision,random,True,0.7939
lastfm,TCL,mercer,transductive,roc_auc,random,True,0.7513
mooc,TCL,mercer,inductive,average_precision,random,True,0.8148
mooc,TCL,mercer,inductive,roc_auc,random,True,0.8207
mooc,TCL,mercer,transductive,average_precision,random,True,0.8408
mooc,TCL,mercer,transductive,roc_auc,random,True,0.852
reddit,TCL,mercer,inductive,average_precision,random,True,0.9502
reddit,TCL,mercer,inductive,roc_auc,random,True,0.9479
reddit,TCL,mercer,transductive,average_precision,random,True,0.9788
reddit,TCL,mercer,transductive,roc_auc,random,True,0.978
uci,TCL,mercer,inductive,average_precision,random,True,0.8935
uci,TCL,mercer,inductive,roc_auc,random,True,0.8708
uci,TCL,mercer,transductive,average_precision,random,True,0.9291
uci,TCL,mercer,transductive,roc_auc,random,True,0.9205
wikipedia,TCL,mercer,inductive,average_precision,random,True,0.983
wikipedia,TCL,mercer,inductive,roc_auc,random,True,0.981
wikipedia,TCL,mercer,transductive,average_precision,random,True,0.983
wikipedia,TCL,mercer,transductive,roc_auc,random,True,0.9805
CanParl,TGAT,mercer,inductive,average_precision,random,False,
CanParl,TGAT,mercer,inductive,roc_auc,random,False,
CanParl,TGAT,mercer,transductive,average_precision,random,False,
CanParl,TGAT,mercer,transductive,roc_auc,random,False,
Contacts,TGAT,mercer,inductive,average_precision,random,False,
Contacts,TGAT,mercer,inductive,roc_auc,random,False,
Contacts,TGAT,mercer,transductive,average_precision,random,False,
Contacts,TGAT,mercer,transductive,roc_auc,random,False,
Flights,TGAT,mercer,inductive,average_precision,random,False,
Flights,TGAT,mercer,inductive,roc_auc,random,False,
Flights,TGAT,mercer,transductive,average_precision,random,False,
Flights,TGAT,mercer,transductive,roc_auc,random,False,
SocialEvo,TGAT,mercer,inductive,average_precision,random,False,
SocialEvo,TGAT,mercer,inductive,roc_auc,random,False,
SocialEvo,TGAT,mercer,transductive,average_precision,random,False,
SocialEvo,TGAT,mercer,transductive,roc_auc,random,False,
UNtrade,TGAT,mercer,inductive,average_precision,random,False,
UNtrade,TGAT,mercer,inductive,roc_auc,random,False,
UNtrade,TGAT,mercer,transductive,average_precision,random,False,
UNtrade,TGAT,mercer,transductive,roc_auc,random,False,
UNvote,TGAT,mercer,inductive,average_precision,random,False,
UNvote,TGAT,mercer,inductive,roc_auc,random,False,
UNvote,TGAT,mercer,transductive,average_precision,random,False,
UNvote,TGAT,mercer,transductive,roc_auc,random,False,
USLegis,TGAT,mercer,inductive,average_precision,random,False,
USLegis,TGAT,mercer,inductive,roc_auc,random,False,
USLegis,TGAT,mercer,transductive,average_precision,random,False,
USLegis,TGAT,mercer,transductive,roc_auc,random,False,
enron,TGAT,mercer,inductive,average_precision,random,False,
enron,TGAT,mercer,inductive,roc_auc,random,False,
enron,TGAT,mercer,transductive,average_precision,random,False,
enron,TGAT,mercer,transductive,roc_auc,random,False,
lastfm,TGAT,mercer,inductive,average_precision,random,False,
lastfm,TGAT,mercer,inductive,roc_auc,random,False,
lastfm,TGAT,mercer,transductive,average_precision,random,False,
lastfm,TGAT,mercer,transductive,roc_auc,random,False,
mooc,TGAT,mercer,inductive,average_precision,random,False,
mooc,TGAT,mercer,inductive,roc_auc,random,False,
mooc,TGAT,mercer,transductive,average_precision,random,False,
mooc,TGAT,mercer,transductive,roc_auc,random,False,
reddit,TGAT,mercer,inductive,average_precision,random,False,
reddit,TGAT,mercer,inductive,roc_auc,random,False,
reddit,TGAT,mercer,transductive,average_precision,random,False,
reddit,TGAT,mercer,transductive,roc_auc,random,False,
uci,TGAT,mercer,inductive,average_precision,random,False,
uci,TGAT,mercer,inductive,roc_auc,random,False,
uci,TGAT,mercer,transductive,average_precision,random,False,
uci,TGAT,mercer,transductive,roc_auc,random,False,
wikipedia,TGAT,mercer,inductive,average_precision,random,True,0.9797
wikipedia,TGAT,mercer,inductive,roc_auc,random,True,0.9786
wikipedia,TGAT,mercer,transductive,average_precision,random,True,0.9851
wikipedia,TGAT,mercer,transductive,roc_auc,random,True,0.9844
CanParl,TGN,mercer,inductive,average_precision,random,True,0.5672
CanParl,TGN,mercer,inductive,roc_auc,random,True,0.5911
CanParl,TGN,mercer,transductive,average_precision,random,True,0.7601
CanParl,TGN,mercer,transductive,roc_auc,random,True,0.821
Contacts,TGN,mercer,inductive,average_precision,random,True,0.9336
Contacts,TGN,mercer,inductive,roc_auc,random,True,0.9488
Contacts,TGN,mercer,transductive,average_precision,random,True,0.976
Contacts,TGN,mercer,transductive,roc_auc,random,True,0.9808
Flights,TGN,mercer,inductive,average_precision,random,False,
Flights,TGN,mercer,inductive,roc_auc,random,False,
Flights,TGN,mercer,transductive,average_precision,random,False,
Flights,TGN,mercer,transductive,roc_auc,random,False,
SocialEvo,TGN,mercer,inductive,average_precision,random,True,0.9166
SocialEvo,TGN,mercer,inductive,roc_auc,random,True,0.9414
SocialEvo,TGN,mercer,transductive,average_precision,random,True,0.9426
SocialEvo,TGN,mercer,transductive,roc_auc,random,True,0.9605
UNtrade,TGN,mercer,inductive,average_precision,random,False,
UNtrade,TGN,mercer,inductive,roc_auc,random,False,
UNtrade,TGN,mercer,transductive,average_precision,random,False,
UNtrade,TGN,mercer,transductive,roc_auc,random,False,
UNvote,TGN,mercer,inductive,average_precision,random,False,
UNvote,TGN,mercer,inductive,roc_auc,random,False,
UNvote,TGN,mercer,transductive,average_precision,random,False,
UNvote,TGN,mercer,transductive,roc_auc,random,False,
USLegis,TGN,mercer,inductive,average_precision,random,False,
USLegis,TGN,mercer,inductive,roc_auc,random,False,
USLegis,TGN,mercer,transductive,average_precision,random,False,
USLegis,TGN,mercer,transductive,roc_auc,random,False,
enron,TGN,mercer,inductive,average_precision,random,True,0.8532
enron,TGN,mercer,inductive,roc_auc,random,True,0.865
enron,TGN,mercer,transductive,average_precision,random,True,0.9053
enron,TGN,mercer,transductive,roc_auc,random,True,0.9176
lastfm,TGN,mercer,inductive,average_precision,random,True,0.884
lastfm,TGN,mercer,inductive,roc_auc,random,True,0.8875
lastfm,TGN,mercer,transductive,average_precision,random,True,0.8481
lastfm,TGN,mercer,transductive,roc_auc,random,True,0.8512
mooc,TGN,mercer,inductive,average_precision,random,True,0.9264
mooc,TGN,mercer,inductive,roc_auc,random,True,0.9387
mooc,TGN,mercer,transductive,average_precision,random,True,0.9129
mooc,TGN,mercer,transductive,roc_auc,random,True,0.9293
reddit,TGN,mercer,inductive,average_precision,random,True,0.9775
reddit,TGN,mercer,inductive,roc_auc,random,True,0.9769
reddit,TGN,mercer,transductive,average_precision,random,True,0.9878
reddit,TGN,mercer,transductive,roc_auc,random,True,0.9874
uci,TGN,mercer,inductive,average_precision,random,True,0.919
uci,TGN,mercer,inductive,roc_auc,random,True,0.9045
uci,TGN,mercer,transductive,average_precision,random,True,0.9327
uci,TGN,mercer,transductive,roc_auc,random,True,0.9217
wikipedia,TGN,mercer,inductive,average_precision,random,True,0.9832
wikipedia,TGN,mercer,inductive,roc_auc,random,True,0.9824
wikipedia,TGN,mercer,transductive,average_precision,random,True,0.9883
wikipedia,TGN,mercer,transductive,roc_auc,random,True,0.9877
CanParl,DyGFormer,time2vec,inductive,average_precision,random,False,
CanParl,DyGFormer,time2vec,inductive,roc_auc,random,False,
CanParl,DyGFormer,time2vec,transductive,average_precision,random,False,
CanParl,DyGFormer,time2vec,transductive,roc_auc,random,False,
Contacts,DyGFormer,time2vec,inductive,average_precision,random,False,
Contacts,DyGFormer,time2vec,inductive,roc_auc,random,False,
Contacts,DyGFormer,time2vec,transductive,average_precision,random,False,
Contacts,DyGFormer,time2vec,transductive,roc_auc,random,False,
Flights,DyGFormer,time2vec,inductive,average_precision,random,False,
Flights,DyGFormer,time2vec,inductive,roc_auc,random,False,
Flights,DyGFormer,time2vec,transductive,average_precision,random,False,
Flights,DyGFormer,time2vec,transductive,roc_auc,random,False,
SocialEvo,DyGFormer,time2vec,inductive,average_precision,random,False,
SocialEvo,DyGFormer,time2vec,inductive,roc_auc,random,False,
SocialEvo,DyGFormer,time2vec,transductive,average_precision,random,False,
SocialEvo,DyGFormer,time2vec,transductive,roc_auc,random,False,
UNtrade,DyGFormer,time2vec,inductive,average_precision,random,False,
UNtrade,DyGFormer,time2vec,inductive,roc_auc,random,False,
UNtrade,DyGFormer,time2vec,transductive,average_precision,random,False,
UNtrade,DyGFormer,time2vec,transductive,roc_auc,random,False,
UNvote,DyGFormer,time2vec,inductive,average_precision,random,False,
UNvote,DyGFormer,time2vec,inductive,roc_auc,random,False,
UNvote,DyGFormer,time2vec,transductive,average_precision,random,False,
UNvote,DyGFormer,time2vec,transductive,roc_auc,random,False,
USLegis,DyGFormer,time2vec,inductive,average_precision,random,False,
USLegis,DyGFormer,time2vec,inductive,roc_auc,random,False,
USLegis,DyGFormer,time2vec,transductive,average_precision,random,False,
USLegis,DyGFormer,time2vec,transductive,roc_auc,random,False,
enron,DyGFormer,time2vec,inductive,average_precision,random,False,
enron,DyGFormer,time2vec,inductive,roc_auc,random,False,
enron,DyGFormer,time2vec,transductive,average_precision,random,False,
enron,DyGFormer,time2vec,transductive,roc_auc,random,False,
lastfm,DyGFormer,time2vec,inductive,average_precision,random,False,
lastfm,DyGFormer,time2vec,inductive,roc_auc,random,False,
lastfm,DyGFormer,time2vec,transductive,average_precision,random,False,
lastfm,DyGFormer,time2vec,transductive,roc_auc,random,False,
mooc,DyGFormer,time2vec,inductive,average_precision,random,False,
mooc,DyGFormer,time2vec,inductive,roc_auc,random,False,
mooc,DyGFormer,time2vec,transductive,average_precision,random,False,
mooc,DyGFormer,time2vec,transductive,roc_auc,random,False,
reddit,DyGFormer,time2vec,inductive,average_precision,random,False,
reddit,DyGFormer,time2vec,inductive,roc_auc,random,False,
reddit,DyGFormer,time2vec,transductive,average_precision,random,False,
reddit,DyGFormer,time2vec,transductive,roc_auc,random,False,
uci,DyGFormer,time2vec,inductive,average_precision,random,False,
uci,DyGFormer,time2vec,inductive,roc_auc,random,False,
uci,DyGFormer,time2vec,transductive,average_precision,random,False,
uci,DyGFormer,time2vec,transductive,roc_auc,random,False,
wikipedia,DyGFormer,time2vec,inductive,average_precision,random,False,
wikipedia,DyGFormer,time2vec,inductive,roc_auc,random,False,
wikipedia,DyGFormer,time2vec,transductive,average_precision,random,False,
wikipedia,DyGFormer,time2vec,transductive,roc_auc,random,False,
CanParl,DyGMamba,time2vec,inductive,average_precision,random,False,
CanParl,DyGMamba,time2vec,inductive,roc_auc,random,False,
CanParl,DyGMamba,time2vec,transductive,average_precision,random,False,
CanParl,DyGMamba,time2vec,transductive,roc_auc,random,False,
Contacts,DyGMamba,time2vec,inductive,average_precision,random,False,
Contacts,DyGMamba,time2vec,inductive,roc_auc,random,False,
Contacts,DyGMamba,time2vec,transductive,average_precision,random,False,
Contacts,DyGMamba,time2vec,transductive,roc_auc,random,False,
Flights,DyGMamba,time2vec,inductive,average_precision,random,False,
Flights,DyGMamba,time2vec,inductive,roc_auc,random,False,
Flights,DyGMamba,time2vec,transductive,average_precision,random,False,
Flights,DyGMamba,time2vec,transductive,roc_auc,random,False,
SocialEvo,DyGMamba,time2vec,inductive,average_precision,random,False,
SocialEvo,DyGMamba,time2vec,inductive,roc_auc,random,False,
SocialEvo,DyGMamba,time2vec,transductive,average_precision,random,False,
SocialEvo,DyGMamba,time2vec,transductive,roc_auc,random,False,
UNtrade,DyGMamba,time2vec,inductive,average_precision,random,False,
UNtrade,DyGMamba,time2vec,inductive,roc_auc,random,False,
UNtrade,DyGMamba,time2vec,transductive,average_precision,random,False,
UNtrade,DyGMamba,time2vec,transductive,roc_auc,random,False,
UNvote,DyGMamba,time2vec,inductive,average_precision,random,True,0.4984
UNvote,DyGMamba,time2vec,inductive,roc_auc,random,True,0.4984
UNvote,DyGMamba,time2vec,transductive,average_precision,random,True,0.5245
UNvote,DyGMamba,time2vec,transductive,roc_auc,random,True,0.5352
USLegis,DyGMamba,time2vec,inductive,average_precision,random,True,0.5402
USLegis,DyGMamba,time2vec,inductive,roc_auc,random,True,0.5188
USLegis,DyGMamba,time2vec,transductive,average_precision,random,True,0.7002
USLegis,DyGMamba,time2vec,transductive,roc_auc,random,True,0.7683
enron,DyGMamba,time2vec,inductive,average_precision,random,True,0.901
enron,DyGMamba,time2vec,inductive,roc_auc,random,True,0.9165
enron,DyGMamba,time2vec,transductive,average_precision,random,True,0.9269
enron,DyGMamba,time2vec,transductive,roc_auc,random,True,0.9356
lastfm,DyGMamba,time2vec,inductive,average_precision,random,True,0.9291
lastfm,DyGMamba,time2vec,inductive,roc_auc,random,True,0.9238
lastfm,DyGMamba,time2vec,transductive,average_precision,random,True,0.93
lastfm,DyGMamba,time2vec,transductive,roc_auc,random,True,0.9294
mooc,DyGMamba,time2vec,inductive,average_precision,random,True,0.8749
mooc,DyGMamba,time2vec,inductive,roc_auc,random,True,0.8789
mooc,DyGMamba,time2vec,transductive,average_precision,random,True,0.8989
mooc,DyGMamba,time2vec,transductive,roc_auc,random,True,0.9051
reddit,DyGMamba,time2vec,inductive,average_precision,random,True,0.9877
reddit,DyGMamba,time2vec,inductive,roc_auc,random,True,0.9868
reddit,DyGMamba,time2vec,transductive,average_precision,random,True,0.9924
reddit,DyGMamba,time2vec,transductive,roc_auc,random,True,0.9919
uci,DyGMamba,time2vec,inductive,average_precision,random,False,
uci,DyGMamba,time2vec,inductive,roc_auc,random,False,
uci,DyGMamba,time2vec,transductive,average_precision,random,False,
uci,DyGMamba,time2vec,transductive,roc_auc,random,False,
wikipedia,DyGMamba,time2vec,inductive,average_precision,random,True,0.9876
wikipedia,DyGMamba,time2vec,inductive,roc_auc,random,True,0.9866
wikipedia,DyGMamba,time2vec,transductive,average_precision,random,True,0.991
wikipedia,DyGMamba,time2vec,transductive,roc_auc,random,True,0.9897
CanParl,JODIE,time2vec,inductive,average_precision,random,True,0.5372
CanParl,JODIE,time2vec,inductive,roc_auc,random,True,0.5323
CanParl,JODIE,time2vec,transductive,average_precision,random,True,0.6836
CanParl,JODIE,time2vec,transductive,roc_auc,random,True,0.7733
Contacts,JODIE,time2vec,inductive,average_precision,random,True,0.9589
Contacts,JODIE,time2vec,inductive,roc_auc,random,True,0.9636
Contacts,JODIE,time2vec,transductive,average_precision,random,True,0.9728
Contacts,JODIE,time2vec,transductive,roc_auc,random,True,0.9796
Flights,JODIE,time2vec,inductive,average_precision,random,False,
Flights,JODIE,time2vec,inductive,roc_auc,random,False,
Flights,JODIE,time2vec,transductive,average_precision,random,False,
Flights,JODIE,time2vec,transductive,roc_auc,random,False,
SocialEvo,JODIE,time2vec,inductive,average_precision,random,True,0.9038
SocialEvo,JODIE,time2vec,inductive,roc_auc,random,True,0.9207
SocialEvo,JODIE,time2vec,transductive,average_precision,random,True,0.8843
SocialEvo,JODIE,time2vec,transductive,roc_auc,random,True,0.9146
UNtrade,JODIE,time2vec,inductive,average_precision,random,False,
UNtrade,JODIE,time2vec,inductive,roc_auc,random,False,
UNtrade,JODIE,time2vec,transductive,average_precision,random,False,
UNtrade,JODIE,time2vec,transductive,roc_auc,random,False,
UNvote,JODIE,time2vec,inductive,average_precision,random,False,
UNvote,JODIE,time2vec,inductive,roc_auc,random,False,
UNvote,JODIE,time2vec,transductive,average_precision,random,False,
UNvote,JODIE,time2vec,transductive,roc_auc,random,False,
USLegis,JODIE,time2vec,inductive,average_precision,random,False,
USLegis,JODIE,time2vec,inductive,roc_auc,random,False,
USLegis,JODIE,time2vec,transductive,average_precision,random,False,
USLegis,JODIE,time2vec,transductive,roc_auc,random,False,
enron,JODIE,time2vec,inductive,average_precision,random,True,0.7994
enron,JODIE,time2vec,inductive,roc_auc,random,True,0.8098
enron,JODIE,time2vec,transductive,average_precision,random,True,0.8368
enron,JODIE,time2vec,transductive,roc_auc,random,True,0.8617
lastfm,JODIE,time2vec,inductive,average_precision,random,True,0.7691
lastfm,JODIE,time2vec,inductive,roc_auc,random,True,0.7712
lastfm,JODIE,time2vec,transductive,average_precision,random,True,0.6639
lastfm,JODIE,time2vec,transductive,roc_auc,random,True,0.6619
mooc,JODIE,time2vec,inductive,average_precision,random,True,0.8043
mooc,JODIE,time2vec,inductive,roc_auc,random,True,0.8435
mooc,JODIE,time2vec,transductive,average_precision,random,True,0.7885
mooc,JODIE,time2vec,transductive,roc_auc,random,True,0.8305
reddit,JODIE,time2vec,inductive,average_precision,random,True,0.9701
reddit,JODIE,time2vec,inductive,roc_auc,random,True,0.9688
reddit,JODIE,time2vec,transductive,average_precision,random,True,0.9819
reddit,JODIE,time2vec,transductive,roc_auc,random,True,0.9811
uci,JODIE,time2vec,inductive,average_precision,random,True,0.83
uci,JODIE,time2vec,inductive,roc_auc,random,True,0.8106
uci,JODIE,time2vec,transductive,average_precision,random,True,0.9185
uci,JODIE,time2vec,transductive,roc_auc,random,True,0.9198
wikipedia,JODIE,time2vec,inductive,average_precision,random,True,0.9471
wikipedia,JODIE,time2vec,inductive,roc_auc,random,True,0.9428
wikipedia,JODIE,time2vec,transductive,average_precision,random,True,0.9664
wikipedia,JODIE,time2vec,transductive,roc_auc,random,True,0.9642
CanParl,TCL,time2vec,inductive,average_precision,random,False,
CanParl,TCL,time2vec,inductive,roc_auc,random,False,
CanParl,TCL,time2vec,transductive,average_precision,random,False,
CanParl,TCL,time2vec,transductive,roc_auc,random,False,
Contacts,TCL,time2vec,inductive,average_precision,random,False,
Contacts,TCL,time2vec,inductive,roc_auc,random,False,
Contacts,TCL,time2vec,transductive,average_precision,random,False,
Contacts,TCL,time2vec,transductive,roc_auc,random,False,
Flights,TCL,time2vec,inductive,average_precision,random,False,
Flights,TCL,time2vec,inductive,roc_auc,random,False,
Flights,TCL,time2vec,transductive,average_precision,random,False,
Flights,TCL,time2vec,transductive,roc_auc,random,False,
SocialEvo,TCL,time2vec,inductive,average_precision,random,False,
SocialEvo,TCL,time2vec,inductive,roc_auc,random,False,
SocialEvo,TCL,time2vec,transductive,average_precision,random,False,
SocialEvo,TCL,time2vec,transductive,roc_auc,random,False,
UNtrade,TCL,time2vec,inductive,average_precision,random,False,
UNtrade,TCL,time2vec,inductive,roc_auc,random,False,
UNtrade,TCL,time2vec,transductive,average_precision,random,False,
UNtrade,TCL,time2vec,transductive,roc_auc,random,False,
UNvote,TCL,time2vec,inductive,average_precision,random,False,
UNvote,TCL,time2vec,inductive,roc_auc,random,False,
UNvote,TCL,time2vec,transductive,average_precision,random,False,
UNvote,TCL,time2vec,transductive,roc_auc,random,False,
USLegis,TCL,time2vec,inductive,average_precision,random,False,
USLegis,TCL,time2vec,inductive,roc_auc,random,False,
USLegis,TCL,time2vec,transductive,average_precision,random,False,
USLegis,TCL,time2vec,transductive,roc_auc,random,False,
enron,TCL,time2vec,inductive,average_precision,random,False,
enron,TCL,time2vec,inductive,roc_auc,random,False,
enron,TCL,time2vec,transductive,average_precision,random,False,
enron,TCL,time2vec,transductive,roc_auc,random,False,
lastfm,TCL,time2vec,inductive,average_precision,random,False,
lastfm,TCL,time2vec,inductive,roc_auc,random,False,
lastfm,TCL,time2vec,transductive,average_precision,random,False,
lastfm,TCL,time2vec,transductive,roc_auc,random,False,
mooc,TCL,time2vec,inductive,average_precision,random,False,
mooc,TCL,time2vec,inductive,roc_auc,random,False,
mooc,TCL,time2vec,transductive,average_precision,random,False,
mooc,TCL,time2vec,transductive,roc_auc,random,False,
reddit,TCL,time2vec,inductive,average_precision,random,False,
reddit,TCL,time2vec,inductive,roc_auc,random,False,
reddit,TCL,time2vec,transductive,average_precision,random,False,
reddit,TCL,time2vec,transductive,roc_auc,random,False,
uci,TCL,time2vec,inductive,average_precision,random,False,
uci,TCL,time2vec,inductive,roc_auc,random,False,
uci,TCL,time2vec,transductive,average_precision,random,False,
uci,TCL,time2vec,transductive,roc_auc,random,False,
wikipedia,TCL,time2vec,inductive,average_precision,random,False,
wikipedia,TCL,time2vec,inductive,roc_auc,random,False,
wikipedia,TCL,time2vec,transductive,average_precision,random,False,
wikipedia,TCL,time2vec,transductive,roc_auc,random,False,
CanParl,TGAT,time2vec,inductive,average_precision,random,False,
CanParl,TGAT,time2vec,inductive,roc_auc,random,False,
CanParl,TGAT,time2vec,transductive,average_precision,random,False,
CanParl,TGAT,time2vec,transductive,roc_auc,random,False,
Contacts,TGAT,time2vec,inductive,average_precision,random,False,
Contacts,TGAT,time2vec,inductive,roc_auc,random,False,
Contacts,TGAT,time2vec,transductive,average_precision,random,False,
Contacts,TGAT,time2vec,transductive,roc_auc,random,False,
Flights,TGAT,time2vec,inductive,average_precision,random,False,
Flights,TGAT,time2vec,inductive,roc_auc,random,False,
Flights,TGAT,time2vec,transductive,average_precision,random,False,
Flights,TGAT,time2vec,transductive,roc_auc,random,False,
SocialEvo,TGAT,time2vec,inductive,average_precision,random,False,
SocialEvo,TGAT,time2vec,inductive,roc_auc,random,False,
SocialEvo,TGAT,time2vec,transductive,average_precision,random,False,
SocialEvo,TGAT,time2vec,transductive,roc_auc,random,False,
UNtrade,TGAT,time2vec,inductive,average_precision,random,False,
UNtrade,TGAT,time2vec,inductive,roc_auc,random,False,
UNtrade,TGAT,time2vec,transductive,average_precision,random,False,
UNtrade,TGAT,time2vec,transductive,roc_auc,random,False,
UNvote,TGAT,time2vec,inductive,average_precision,random,False,
UNvote,TGAT,time2vec,inductive,roc_auc,random,False,
UNvote,TGAT,time2vec,transductive,average_precision,random,False,
UNvote,TGAT,time2vec,transductive,roc_auc,random,False,
USLegis,TGAT,time2vec,inductive,average_precision,random,False,
USLegis,TGAT,time2vec,inductive,roc_auc,random,False,
USLegis,TGAT,time2vec,transductive,average_precision,random,False,
USLegis,TGAT,time2vec,transductive,roc_auc,random,False,
enron,TGAT,time2vec,inductive,average_precision,random,False,
enron,TGAT,time2vec,inductive,roc_auc,random,False,
enron,TGAT,time2vec,transductive,average_precision,random,False,
enron,TGAT,time2vec,transductive,roc_auc,random,False,
lastfm,TGAT,time2vec,inductive,average_precision,random,False,
lastfm,TGAT,time2vec,inductive,roc_auc,random,False,
lastfm,TGAT,time2vec,transductive,average_precision,random,False,
lastfm,TGAT,time2vec,transductive,roc_auc,random,False,
mooc,TGAT,time2vec,inductive,average_precision,random,True,0.8748
mooc,TGAT,time2vec,inductive,roc_auc,random,True,0.8868
mooc,TGAT,time2vec,transductive,average_precision,random,True,0.8813
mooc,TGAT,time2vec,transductive,roc_auc,random,True,0.8966
reddit,TGAT,time2vec,inductive,average_precision,random,True,0.8975
reddit,TGAT,time2vec,inductive,roc_auc,random,True,0.9023
reddit,TGAT,time2vec,transductive,average_precision,random,True,0.9325
reddit,TGAT,time2vec,transductive,roc_auc,random,True,0.9331
uci,TGAT,time2vec,inductive,average_precision,random,False,
uci,TGAT,time2vec,inductive,roc_auc,random,False,
uci,TGAT,time2vec,transductive,average_precision,random,False,
uci,TGAT,time2vec,transductive,roc_auc,random,False,
wikipedia,TGAT,time2vec,inductive,average_precision,random,True,0.9671
wikipedia,TGAT,time2vec,inductive,roc_auc,random,True,0.9638
wikipedia,TGAT,time2vec,transductive,average_precision,random,True,0.9688
wikipedia,TGAT,time2vec,transductive,roc_auc,random,True,0.9649
CanParl,TGN,time2vec,inductive,average_precision,random,True,0.5357
CanParl,TGN,time2vec,inductive,roc_auc,random,True,0.5401
CanParl,TGN,time2vec,transductive,average_precision,random,True,0.7128
CanParl,TGN,time2vec,transductive,roc_auc,random,True,0.7713
Contacts,TGN,time2vec,inductive,average_precision,random,True,0.9485
Contacts,TGN,time2vec,inductive,roc_auc,random,True,0.9553
Contacts,TGN,time2vec,transductive,average_precision,random,True,0.9788
Contacts,TGN,time2vec,transductive,roc_auc,random,True,0.9835
Flights,TGN,time2vec,inductive,average_precision,random,False,
Flights,TGN,time2vec,inductive,roc_auc,random,False,
Flights,TGN,time2vec,transductive,average_precision,random,False,
Flights,TGN,time2vec,transductive,roc_auc,random,False,
SocialEvo,TGN,time2vec,inductive,average_precision,random,False,
SocialEvo,TGN,time2vec,inductive,roc_auc,random,False,
SocialEvo,TGN,time2vec,transductive,average_precision,random,False,
SocialEvo,TGN,time2vec,transductive,roc_auc,random,False,
UNtrade,TGN,time2vec,inductive,average_precision,random,True,0.6319
UNtrade,TGN,time2vec,inductive,roc_auc,random,True,0.6586
UNtrade,TGN,time2vec,transductive,average_precision,random,True,0.6694
UNtrade,TGN,time2vec,transductive,roc_auc,random,True,0.717
UNvote,TGN,time2vec,inductive,average_precision,random,True,0.5393
UNvote,TGN,time2vec,inductive,roc_auc,random,True,0.5514
UNvote,TGN,time2vec,transductive,average_precision,random,True,0.6634
UNvote,TGN,time2vec,transductive,roc_auc,random,True,0.7064
USLegis,TGN,time2vec,inductive,average_precision,random,True,0.5511
USLegis,TGN,time2vec,inductive,roc_auc,random,True,0.5754
USLegis,TGN,time2vec,transductive,average_precision,random,True,0.7423
USLegis,TGN,time2vec,transductive,roc_auc,random,True,0.8186
enron,TGN,time2vec,inductive,average_precision,random,True,0.7928
enron,TGN,time2vec,inductive,roc_auc,random,True,0.8172
enron,TGN,time2vec,transductive,average_precision,random,True,0.886
enron,TGN,time2vec,transductive,roc_auc,random,True,0.9041
lastfm,TGN,time2vec,inductive,average_precision,random,True,0.8753
lastfm,TGN,time2vec,inductive,roc_auc,random,True,0.873
lastfm,TGN,time2vec,transductive,average_precision,random,True,0.8265
lastfm,TGN,time2vec,transductive,roc_auc,random,True,0.8292
mooc,TGN,time2vec,inductive,average_precision,random,True,0.9129
mooc,TGN,time2vec,inductive,roc_auc,random,True,0.9284
mooc,TGN,time2vec,transductive,average_precision,random,True,0.9099
mooc,TGN,time2vec,transductive,roc_auc,random,True,0.9289
reddit,TGN,time2vec,inductive,average_precision,random,True,0.9746
reddit,TGN,time2vec,inductive,roc_auc,random,True,0.9735
reddit,TGN,time2vec,transductive,average_precision,random,True,0.986
reddit,TGN,time2vec,transductive,roc_auc,random,True,0.9858
uci,TGN,time2vec,inductive,average_precision,random,True,0.8543
uci,TGN,time2vec,inductive,roc_auc,random,True,0.8428
uci,TGN,time2vec,transductive,average_precision,random,True,0.8662
uci,TGN,time2vec,transductive,roc_auc,random,True,0.87
wikipedia,TGN,time2vec,inductive,average_precision,random,False,
wikipedia,TGN,time2vec,inductive,roc_auc,random,False,
wikipedia,TGN,time2vec,transductive,average_precision,random,False,
wikipedia,TGN,time2vec,transductive,roc_auc,random,False,
