dataset,model,time_encoder
CanParl,DyGFormer,kan_mammote_dual_kmote
UNtrade,DyGFormer,kan_mammote_dual_kmote
lastfm,DyGFormer,kan_mammote_dual_kmote
CanParl,DyGMamba,kan_mammote_dual_kmote
UNtrade,DyGMamba,kan_mammote_dual_kmote
lastfm,DyGMamba,kan_mammote_dual_kmote
Contacts,TGAT,kan_mammote_dual_kmote
Flights,TGAT,kan_mammote_dual_kmote
SocialEvo,TGAT,kan_mammote_dual_kmote
UNtrade,TGAT,kan_mammote_dual_kmote
lastfm,TGAT,kan_mammote_dual_kmote
reddit,TGAT,kan_mammote_dual_kmote
CanParl,DyGFormer,lete
Contacts,DyGFormer,lete
Flights,DyGFormer,lete
SocialEvo,DyGFormer,lete
UNtrade,DyGFormer,lete
UNvote,DyGFormer,lete
USLegis,DyGFormer,lete
enron,DyGFormer,lete
lastfm,DyGFormer,lete
uci,DyGFormer,lete
CanParl,DyGMamba,lete
Contacts,DyGMamba,lete
Flights,DyGMamba,lete
SocialEvo,DyGMamba,lete
UNtrade,DyGMamba,lete
UNvote,DyGMamba,lete
USLegis,DyGMamba,lete
enron,DyGMamba,lete
lastfm,DyGMamba,lete
uci,DyGMamba,lete
CanParl,TCL,lete
Contacts,TCL,lete
Flights,TCL,lete
UNtrade,TCL,lete
UNvote,TCL,lete
USLegis,TCL,lete
uci,TCL,lete
CanParl,TGAT,lete
Contacts,TGAT,lete
Flights,TGAT,lete
SocialEvo,TGAT,lete
UNtrade,TGAT,lete
UNvote,TGAT,lete
USLegis,TGAT,lete
enron,TGAT,lete
lastfm,TGAT,lete
mooc,TGAT,lete
uci,TGAT,lete
Flights,TGN,lete
UNtrade,TGN,lete
UNvote,TGN,lete
USLegis,TGN,lete
CanParl,DyGFormer,mercer
Contacts,DyGFormer,mercer
Flights,DyGFormer,mercer
SocialEvo,DyGFormer,mercer
UNtrade,DyGFormer,mercer
UNvote,DyGFormer,mercer
USLegis,DyGFormer,mercer
enron,DyGFormer,mercer
lastfm,DyGFormer,mercer
uci,DyGFormer,mercer
CanParl,DyGMamba,mercer
Contacts,DyGMamba,mercer
Flights,DyGMamba,mercer
SocialEvo,DyGMamba,mercer
UNtrade,DyGMamba,mercer
UNvote,DyGMamba,mercer
USLegis,DyGMamba,mercer
uci,DyGMamba,mercer
wikipedia,JODIE,mercer
CanParl,TGAT,mercer
Contacts,TGAT,mercer
Flights,TGAT,mercer
SocialEvo,TGAT,mercer
UNtrade,TGAT,mercer
UNvote,TGAT,mercer
USLegis,TGAT,mercer
enron,TGAT,mercer
lastfm,TGAT,mercer
mooc,TGAT,mercer
reddit,TGAT,mercer
uci,TGAT,mercer
Flights,TGN,mercer
UNtrade,TGN,mercer
UNvote,TGN,mercer
USLegis,TGN,mercer
CanParl,DyGFormer,time2vec
Contacts,DyGFormer,time2vec
Flights,DyGFormer,time2vec
SocialEvo,DyGFormer,time2vec
UNtrade,DyGFormer,time2vec
UNvote,DyGFormer,time2vec
USLegis,DyGFormer,time2vec
enron,DyGFormer,time2vec
lastfm,DyGFormer,time2vec
mooc,DyGFormer,time2vec
reddit,DyGFormer,time2vec
uci,DyGFormer,time2vec
wikipedia,DyGFormer,time2vec
CanParl,DyGMamba,time2vec
Contacts,DyGMamba,time2vec
Flights,DyGMamba,time2vec
SocialEvo,DyGMamba,time2vec
UNtrade,DyGMamba,time2vec
uci,DyGMamba,time2vec
Flights,JODIE,time2vec
UNtrade,JODIE,time2vec
UNvote,JODIE,time2vec
USLegis,JODIE,time2vec
CanParl,TCL,time2vec
Contacts,TCL,time2vec
Flights,TCL,time2vec
SocialEvo,TCL,time2vec
UNtrade,TCL,time2vec
UNvote,TCL,time2vec
USLegis,TCL,time2vec
enron,TCL,time2vec
lastfm,TCL,time2vec
mooc,TCL,time2vec
reddit,TCL,time2vec
uci,TCL,time2vec
wikipedia,TCL,time2vec
CanParl,TGAT,time2vec
Contacts,TGAT,time2vec
Flights,TGAT,time2vec
SocialEvo,TGAT,time2vec
UNtrade,TGAT,time2vec
UNvote,TGAT,time2vec
USLegis,TGAT,time2vec
enron,TGAT,time2vec
lastfm,TGAT,time2vec
uci,TGAT,time2vec
Flights,TGN,time2vec
SocialEvo,TGN,time2vec
wikipedia,TGN,time2vec
