dataset,model,time_encoder,training_method,evaluation_metric
CanParl,DyGFormer,kan_mammote_dual_kmote,inductive,average_precision
CanParl,DyGFormer,kan_mammote_dual_kmote,inductive,roc_auc
CanParl,DyGFormer,kan_mammote_dual_kmote,transductive,average_precision
CanParl,DyGFormer,kan_mammote_dual_kmote,transductive,roc_auc
UNtrade,DyGFormer,kan_mammote_dual_kmote,inductive,average_precision
UNtrade,DyGFormer,kan_mammote_dual_kmote,inductive,roc_auc
UNtrade,DyGFormer,kan_mammote_dual_kmote,transductive,average_precision
UNtrade,DyGFormer,kan_mammote_dual_kmote,transductive,roc_auc
lastfm,DyGFormer,kan_mammote_dual_kmote,inductive,average_precision
lastfm,DyGFormer,kan_mammote_dual_kmote,inductive,roc_auc
lastfm,DyGFormer,kan_mammote_dual_kmote,transductive,average_precision
lastfm,DyGFormer,kan_mammote_dual_kmote,transductive,roc_auc
CanParl,DyGMamba,kan_mammote_dual_kmote,inductive,average_precision
CanParl,DyGMamba,kan_mammote_dual_kmote,inductive,roc_auc
CanParl,DyGMamba,kan_mammote_dual_kmote,transductive,average_precision
CanParl,DyGMamba,kan_mammote_dual_kmote,transductive,roc_auc
UNtrade,DyGMamba,kan_mammote_dual_kmote,inductive,average_precision
UNtrade,DyGMamba,kan_mammote_dual_kmote,inductive,roc_auc
UNtrade,DyGMamba,kan_mammote_dual_kmote,transductive,average_precision
UNtrade,DyGMamba,kan_mammote_dual_kmote,transductive,roc_auc
lastfm,DyGMamba,kan_mammote_dual_kmote,inductive,average_precision
lastfm,DyGMamba,kan_mammote_dual_kmote,inductive,roc_auc
lastfm,DyGMamba,kan_mammote_dual_kmote,transductive,average_precision
lastfm,DyGMamba,kan_mammote_dual_kmote,transductive,roc_auc
Contacts,TGAT,kan_mammote_dual_kmote,inductive,average_precision
Contacts,TGAT,kan_mammote_dual_kmote,inductive,roc_auc
Contacts,TGAT,kan_mammote_dual_kmote,transductive,average_precision
Contacts,TGAT,kan_mammote_dual_kmote,transductive,roc_auc
Flights,TGAT,kan_mammote_dual_kmote,inductive,average_precision
Flights,TGAT,kan_mammote_dual_kmote,inductive,roc_auc
Flights,TGAT,kan_mammote_dual_kmote,transductive,average_precision
Flights,TGAT,kan_mammote_dual_kmote,transductive,roc_auc
SocialEvo,TGAT,kan_mammote_dual_kmote,inductive,average_precision
SocialEvo,TGAT,kan_mammote_dual_kmote,inductive,roc_auc
SocialEvo,TGAT,kan_mammote_dual_kmote,transductive,average_precision
SocialEvo,TGAT,kan_mammote_dual_kmote,transductive,roc_auc
UNtrade,TGAT,kan_mammote_dual_kmote,inductive,average_precision
UNtrade,TGAT,kan_mammote_dual_kmote,inductive,roc_auc
UNtrade,TGAT,kan_mammote_dual_kmote,transductive,average_precision
UNtrade,TGAT,kan_mammote_dual_kmote,transductive,roc_auc
lastfm,TGAT,kan_mammote_dual_kmote,inductive,average_precision
lastfm,TGAT,kan_mammote_dual_kmote,inductive,roc_auc
lastfm,TGAT,kan_mammote_dual_kmote,transductive,average_precision
lastfm,TGAT,kan_mammote_dual_kmote,transductive,roc_auc
reddit,TGAT,kan_mammote_dual_kmote,inductive,average_precision
reddit,TGAT,kan_mammote_dual_kmote,inductive,roc_auc
reddit,TGAT,kan_mammote_dual_kmote,transductive,average_precision
reddit,TGAT,kan_mammote_dual_kmote,transductive,roc_auc
CanParl,DyGFormer,lete,inductive,average_precision
CanParl,DyGFormer,lete,inductive,roc_auc
CanParl,DyGFormer,lete,transductive,average_precision
CanParl,DyGFormer,lete,transductive,roc_auc
Contacts,DyGFormer,lete,inductive,average_precision
Contacts,DyGFormer,lete,inductive,roc_auc
Contacts,DyGFormer,lete,transductive,average_precision
Contacts,DyGFormer,lete,transductive,roc_auc
Flights,DyGFormer,lete,inductive,average_precision
Flights,DyGFormer,lete,inductive,roc_auc
Flights,DyGFormer,lete,transductive,average_precision
Flights,DyGFormer,lete,transductive,roc_auc
SocialEvo,DyGFormer,lete,inductive,average_precision
SocialEvo,DyGFormer,lete,inductive,roc_auc
SocialEvo,DyGFormer,lete,transductive,average_precision
SocialEvo,DyGFormer,lete,transductive,roc_auc
UNtrade,DyGFormer,lete,inductive,average_precision
UNtrade,DyGFormer,lete,inductive,roc_auc
UNtrade,DyGFormer,lete,transductive,average_precision
UNtrade,DyGFormer,lete,transductive,roc_auc
UNvote,DyGFormer,lete,inductive,average_precision
UNvote,DyGFormer,lete,inductive,roc_auc
UNvote,DyGFormer,lete,transductive,average_precision
UNvote,DyGFormer,lete,transductive,roc_auc
USLegis,DyGFormer,lete,inductive,average_precision
USLegis,DyGFormer,lete,inductive,roc_auc
USLegis,DyGFormer,lete,transductive,average_precision
USLegis,DyGFormer,lete,transductive,roc_auc
enron,DyGFormer,lete,inductive,average_precision
enron,DyGFormer,lete,inductive,roc_auc
enron,DyGFormer,lete,transductive,average_precision
enron,DyGFormer,lete,transductive,roc_auc
lastfm,DyGFormer,lete,inductive,average_precision
lastfm,DyGFormer,lete,inductive,roc_auc
lastfm,DyGFormer,lete,transductive,average_precision
lastfm,DyGFormer,lete,transductive,roc_auc
uci,DyGFormer,lete,inductive,average_precision
uci,DyGFormer,lete,inductive,roc_auc
uci,DyGFormer,lete,transductive,average_precision
uci,DyGFormer,lete,transductive,roc_auc
CanParl,DyGMamba,lete,inductive,average_precision
CanParl,DyGMamba,lete,inductive,roc_auc
CanParl,DyGMamba,lete,transductive,average_precision
CanParl,DyGMamba,lete,transductive,roc_auc
Contacts,DyGMamba,lete,inductive,average_precision
Contacts,DyGMamba,lete,inductive,roc_auc
Contacts,DyGMamba,lete,transductive,average_precision
Contacts,DyGMamba,lete,transductive,roc_auc
Flights,DyGMamba,lete,inductive,average_precision
Flights,DyGMamba,lete,inductive,roc_auc
Flights,DyGMamba,lete,transductive,average_precision
Flights,DyGMamba,lete,transductive,roc_auc
SocialEvo,DyGMamba,lete,inductive,average_precision
SocialEvo,DyGMamba,lete,inductive,roc_auc
SocialEvo,DyGMamba,lete,transductive,average_precision
SocialEvo,DyGMamba,lete,transductive,roc_auc
UNtrade,DyGMamba,lete,inductive,average_precision
UNtrade,DyGMamba,lete,inductive,roc_auc
UNtrade,DyGMamba,lete,transductive,average_precision
UNtrade,DyGMamba,lete,transductive,roc_auc
UNvote,DyGMamba,lete,inductive,average_precision
UNvote,DyGMamba,lete,inductive,roc_auc
UNvote,DyGMamba,lete,transductive,average_precision
UNvote,DyGMamba,lete,transductive,roc_auc
USLegis,DyGMamba,lete,inductive,average_precision
USLegis,DyGMamba,lete,inductive,roc_auc
USLegis,DyGMamba,lete,transductive,average_precision
USLegis,DyGMamba,lete,transductive,roc_auc
enron,DyGMamba,lete,inductive,average_precision
enron,DyGMamba,lete,inductive,roc_auc
enron,DyGMamba,lete,transductive,average_precision
enron,DyGMamba,lete,transductive,roc_auc
lastfm,DyGMamba,lete,inductive,average_precision
lastfm,DyGMamba,lete,inductive,roc_auc
lastfm,DyGMamba,lete,transductive,average_precision
lastfm,DyGMamba,lete,transductive,roc_auc
uci,DyGMamba,lete,inductive,average_precision
uci,DyGMamba,lete,inductive,roc_auc
uci,DyGMamba,lete,transductive,average_precision
uci,DyGMamba,lete,transductive,roc_auc
CanParl,TCL,lete,inductive,average_precision
CanParl,TCL,lete,inductive,roc_auc
CanParl,TCL,lete,transductive,average_precision
CanParl,TCL,lete,transductive,roc_auc
Contacts,TCL,lete,inductive,average_precision
Contacts,TCL,lete,inductive,roc_auc
Contacts,TCL,lete,transductive,average_precision
Contacts,TCL,lete,transductive,roc_auc
Flights,TCL,lete,inductive,average_precision
Flights,TCL,lete,inductive,roc_auc
Flights,TCL,lete,transductive,average_precision
Flights,TCL,lete,transductive,roc_auc
UNtrade,TCL,lete,inductive,average_precision
UNtrade,TCL,lete,inductive,roc_auc
UNtrade,TCL,lete,transductive,average_precision
UNtrade,TCL,lete,transductive,roc_auc
UNvote,TCL,lete,inductive,average_precision
UNvote,TCL,lete,inductive,roc_auc
UNvote,TCL,lete,transductive,average_precision
UNvote,TCL,lete,transductive,roc_auc
USLegis,TCL,lete,inductive,average_precision
USLegis,TCL,lete,inductive,roc_auc
USLegis,TCL,lete,transductive,average_precision
USLegis,TCL,lete,transductive,roc_auc
uci,TCL,lete,inductive,average_precision
uci,TCL,lete,inductive,roc_auc
uci,TCL,lete,transductive,average_precision
uci,TCL,lete,transductive,roc_auc
CanParl,TGAT,lete,inductive,average_precision
CanParl,TGAT,lete,inductive,roc_auc
CanParl,TGAT,lete,transductive,average_precision
CanParl,TGAT,lete,transductive,roc_auc
Contacts,TGAT,lete,inductive,average_precision
Contacts,TGAT,lete,inductive,roc_auc
Contacts,TGAT,lete,transductive,average_precision
Contacts,TGAT,lete,transductive,roc_auc
Flights,TGAT,lete,inductive,average_precision
Flights,TGAT,lete,inductive,roc_auc
Flights,TGAT,lete,transductive,average_precision
Flights,TGAT,lete,transductive,roc_auc
SocialEvo,TGAT,lete,inductive,average_precision
SocialEvo,TGAT,lete,inductive,roc_auc
SocialEvo,TGAT,lete,transductive,average_precision
SocialEvo,TGAT,lete,transductive,roc_auc
UNtrade,TGAT,lete,inductive,average_precision
UNtrade,TGAT,lete,inductive,roc_auc
UNtrade,TGAT,lete,transductive,average_precision
UNtrade,TGAT,lete,transductive,roc_auc
UNvote,TGAT,lete,inductive,average_precision
UNvote,TGAT,lete,inductive,roc_auc
UNvote,TGAT,lete,transductive,average_precision
UNvote,TGAT,lete,transductive,roc_auc
USLegis,TGAT,lete,inductive,average_precision
USLegis,TGAT,lete,inductive,roc_auc
USLegis,TGAT,lete,transductive,average_precision
USLegis,TGAT,lete,transductive,roc_auc
enron,TGAT,lete,inductive,average_precision
enron,TGAT,lete,inductive,roc_auc
enron,TGAT,lete,transductive,average_precision
enron,TGAT,lete,transductive,roc_auc
lastfm,TGAT,lete,inductive,average_precision
lastfm,TGAT,lete,inductive,roc_auc
lastfm,TGAT,lete,transductive,average_precision
lastfm,TGAT,lete,transductive,roc_auc
mooc,TGAT,lete,inductive,average_precision
mooc,TGAT,lete,inductive,roc_auc
mooc,TGAT,lete,transductive,average_precision
mooc,TGAT,lete,transductive,roc_auc
uci,TGAT,lete,inductive,average_precision
uci,TGAT,lete,inductive,roc_auc
uci,TGAT,lete,transductive,average_precision
uci,TGAT,lete,transductive,roc_auc
Flights,TGN,lete,inductive,average_precision
Flights,TGN,lete,inductive,roc_auc
Flights,TGN,lete,transductive,average_precision
Flights,TGN,lete,transductive,roc_auc
UNtrade,TGN,lete,inductive,average_precision
UNtrade,TGN,lete,inductive,roc_auc
UNtrade,TGN,lete,transductive,average_precision
UNtrade,TGN,lete,transductive,roc_auc
UNvote,TGN,lete,inductive,average_precision
UNvote,TGN,lete,inductive,roc_auc
UNvote,TGN,lete,transductive,average_precision
UNvote,TGN,lete,transductive,roc_auc
USLegis,TGN,lete,inductive,average_precision
USLegis,TGN,lete,inductive,roc_auc
USLegis,TGN,lete,transductive,average_precision
USLegis,TGN,lete,transductive,roc_auc
CanParl,DyGFormer,mercer,inductive,average_precision
CanParl,DyGFormer,mercer,inductive,roc_auc
CanParl,DyGFormer,mercer,transductive,average_precision
CanParl,DyGFormer,mercer,transductive,roc_auc
Contacts,DyGFormer,mercer,inductive,average_precision
Contacts,DyGFormer,mercer,inductive,roc_auc
Contacts,DyGFormer,mercer,transductive,average_precision
Contacts,DyGFormer,mercer,transductive,roc_auc
Flights,DyGFormer,mercer,inductive,average_precision
Flights,DyGFormer,mercer,inductive,roc_auc
Flights,DyGFormer,mercer,transductive,average_precision
Flights,DyGFormer,mercer,transductive,roc_auc
SocialEvo,DyGFormer,mercer,inductive,average_precision
SocialEvo,DyGFormer,mercer,inductive,roc_auc
SocialEvo,DyGFormer,mercer,transductive,average_precision
SocialEvo,DyGFormer,mercer,transductive,roc_auc
UNtrade,DyGFormer,mercer,inductive,average_precision
UNtrade,DyGFormer,mercer,inductive,roc_auc
UNtrade,DyGFormer,mercer,transductive,average_precision
UNtrade,DyGFormer,mercer,transductive,roc_auc
UNvote,DyGFormer,mercer,inductive,average_precision
UNvote,DyGFormer,mercer,inductive,roc_auc
UNvote,DyGFormer,mercer,transductive,average_precision
UNvote,DyGFormer,mercer,transductive,roc_auc
USLegis,DyGFormer,mercer,inductive,average_precision
USLegis,DyGFormer,mercer,inductive,roc_auc
USLegis,DyGFormer,mercer,transductive,average_precision
USLegis,DyGFormer,mercer,transductive,roc_auc
enron,DyGFormer,mercer,inductive,average_precision
enron,DyGFormer,mercer,inductive,roc_auc
enron,DyGFormer,mercer,transductive,average_precision
enron,DyGFormer,mercer,transductive,roc_auc
lastfm,DyGFormer,mercer,inductive,average_precision
lastfm,DyGFormer,mercer,inductive,roc_auc
lastfm,DyGFormer,mercer,transductive,average_precision
lastfm,DyGFormer,mercer,transductive,roc_auc
uci,DyGFormer,mercer,inductive,average_precision
uci,DyGFormer,mercer,inductive,roc_auc
uci,DyGFormer,mercer,transductive,average_precision
uci,DyGFormer,mercer,transductive,roc_auc
CanParl,DyGMamba,mercer,inductive,average_precision
CanParl,DyGMamba,mercer,inductive,roc_auc
CanParl,DyGMamba,mercer,transductive,average_precision
CanParl,DyGMamba,mercer,transductive,roc_auc
Contacts,DyGMamba,mercer,inductive,average_precision
Contacts,DyGMamba,mercer,inductive,roc_auc
Contacts,DyGMamba,mercer,transductive,average_precision
Contacts,DyGMamba,mercer,transductive,roc_auc
Flights,DyGMamba,mercer,inductive,average_precision
Flights,DyGMamba,mercer,inductive,roc_auc
Flights,DyGMamba,mercer,transductive,average_precision
Flights,DyGMamba,mercer,transductive,roc_auc
SocialEvo,DyGMamba,mercer,inductive,average_precision
SocialEvo,DyGMamba,mercer,inductive,roc_auc
SocialEvo,DyGMamba,mercer,transductive,average_precision
SocialEvo,DyGMamba,mercer,transductive,roc_auc
UNtrade,DyGMamba,mercer,inductive,average_precision
UNtrade,DyGMamba,mercer,inductive,roc_auc
UNtrade,DyGMamba,mercer,transductive,average_precision
UNtrade,DyGMamba,mercer,transductive,roc_auc
UNvote,DyGMamba,mercer,inductive,average_precision
UNvote,DyGMamba,mercer,inductive,roc_auc
UNvote,DyGMamba,mercer,transductive,average_precision
UNvote,DyGMamba,mercer,transductive,roc_auc
USLegis,DyGMamba,mercer,inductive,average_precision
USLegis,DyGMamba,mercer,inductive,roc_auc
USLegis,DyGMamba,mercer,transductive,average_precision
USLegis,DyGMamba,mercer,transductive,roc_auc
uci,DyGMamba,mercer,inductive,average_precision
uci,DyGMamba,mercer,inductive,roc_auc
uci,DyGMamba,mercer,transductive,average_precision
uci,DyGMamba,mercer,transductive,roc_auc
wikipedia,JODIE,mercer,inductive,average_precision
wikipedia,JODIE,mercer,inductive,roc_auc
wikipedia,JODIE,mercer,transductive,average_precision
wikipedia,JODIE,mercer,transductive,roc_auc
CanParl,TGAT,mercer,inductive,average_precision
CanParl,TGAT,mercer,inductive,roc_auc
CanParl,TGAT,mercer,transductive,average_precision
CanParl,TGAT,mercer,transductive,roc_auc
Contacts,TGAT,mercer,inductive,average_precision
Contacts,TGAT,mercer,inductive,roc_auc
Contacts,TGAT,mercer,transductive,average_precision
Contacts,TGAT,mercer,transductive,roc_auc
Flights,TGAT,mercer,inductive,average_precision
Flights,TGAT,mercer,inductive,roc_auc
Flights,TGAT,mercer,transductive,average_precision
Flights,TGAT,mercer,transductive,roc_auc
SocialEvo,TGAT,mercer,inductive,average_precision
SocialEvo,TGAT,mercer,inductive,roc_auc
SocialEvo,TGAT,mercer,transductive,average_precision
SocialEvo,TGAT,mercer,transductive,roc_auc
UNtrade,TGAT,mercer,inductive,average_precision
UNtrade,TGAT,mercer,inductive,roc_auc
UNtrade,TGAT,mercer,transductive,average_precision
UNtrade,TGAT,mercer,transductive,roc_auc
UNvote,TGAT,mercer,inductive,average_precision
UNvote,TGAT,mercer,inductive,roc_auc
UNvote,TGAT,mercer,transductive,average_precision
UNvote,TGAT,mercer,transductive,roc_auc
USLegis,TGAT,mercer,inductive,average_precision
USLegis,TGAT,mercer,inductive,roc_auc
USLegis,TGAT,mercer,transductive,average_precision
USLegis,TGAT,mercer,transductive,roc_auc
enron,TGAT,mercer,inductive,average_precision
enron,TGAT,mercer,inductive,roc_auc
enron,TGAT,mercer,transductive,average_precision
enron,TGAT,mercer,transductive,roc_auc
lastfm,TGAT,mercer,inductive,average_precision
lastfm,TGAT,mercer,inductive,roc_auc
lastfm,TGAT,mercer,transductive,average_precision
lastfm,TGAT,mercer,transductive,roc_auc
mooc,TGAT,mercer,inductive,average_precision
mooc,TGAT,mercer,inductive,roc_auc
mooc,TGAT,mercer,transductive,average_precision
mooc,TGAT,mercer,transductive,roc_auc
reddit,TGAT,mercer,inductive,average_precision
reddit,TGAT,mercer,inductive,roc_auc
reddit,TGAT,mercer,transductive,average_precision
reddit,TGAT,mercer,transductive,roc_auc
uci,TGAT,mercer,inductive,average_precision
uci,TGAT,mercer,inductive,roc_auc
uci,TGAT,mercer,transductive,average_precision
uci,TGAT,mercer,transductive,roc_auc
Flights,TGN,mercer,inductive,average_precision
Flights,TGN,mercer,inductive,roc_auc
Flights,TGN,mercer,transductive,average_precision
Flights,TGN,mercer,transductive,roc_auc
UNtrade,TGN,mercer,inductive,average_precision
UNtrade,TGN,mercer,inductive,roc_auc
UNtrade,TGN,mercer,transductive,average_precision
UNtrade,TGN,mercer,transductive,roc_auc
UNvote,TGN,mercer,inductive,average_precision
UNvote,TGN,mercer,inductive,roc_auc
UNvote,TGN,mercer,transductive,average_precision
UNvote,TGN,mercer,transductive,roc_auc
USLegis,TGN,mercer,inductive,average_precision
USLegis,TGN,mercer,inductive,roc_auc
USLegis,TGN,mercer,transductive,average_precision
USLegis,TGN,mercer,transductive,roc_auc
CanParl,DyGFormer,time2vec,inductive,average_precision
CanParl,DyGFormer,time2vec,inductive,roc_auc
CanParl,DyGFormer,time2vec,transductive,average_precision
CanParl,DyGFormer,time2vec,transductive,roc_auc
Contacts,DyGFormer,time2vec,inductive,average_precision
Contacts,DyGFormer,time2vec,inductive,roc_auc
Contacts,DyGFormer,time2vec,transductive,average_precision
Contacts,DyGFormer,time2vec,transductive,roc_auc
Flights,DyGFormer,time2vec,inductive,average_precision
Flights,DyGFormer,time2vec,inductive,roc_auc
Flights,DyGFormer,time2vec,transductive,average_precision
Flights,DyGFormer,time2vec,transductive,roc_auc
SocialEvo,DyGFormer,time2vec,inductive,average_precision
SocialEvo,DyGFormer,time2vec,inductive,roc_auc
SocialEvo,DyGFormer,time2vec,transductive,average_precision
SocialEvo,DyGFormer,time2vec,transductive,roc_auc
UNtrade,DyGFormer,time2vec,inductive,average_precision
UNtrade,DyGFormer,time2vec,inductive,roc_auc
UNtrade,DyGFormer,time2vec,transductive,average_precision
UNtrade,DyGFormer,time2vec,transductive,roc_auc
UNvote,DyGFormer,time2vec,inductive,average_precision
UNvote,DyGFormer,time2vec,inductive,roc_auc
UNvote,DyGFormer,time2vec,transductive,average_precision
UNvote,DyGFormer,time2vec,transductive,roc_auc
USLegis,DyGFormer,time2vec,inductive,average_precision
USLegis,DyGFormer,time2vec,inductive,roc_auc
USLegis,DyGFormer,time2vec,transductive,average_precision
USLegis,DyGFormer,time2vec,transductive,roc_auc
enron,DyGFormer,time2vec,inductive,average_precision
enron,DyGFormer,time2vec,inductive,roc_auc
enron,DyGFormer,time2vec,transductive,average_precision
enron,DyGFormer,time2vec,transductive,roc_auc
lastfm,DyGFormer,time2vec,inductive,average_precision
lastfm,DyGFormer,time2vec,inductive,roc_auc
lastfm,DyGFormer,time2vec,transductive,average_precision
lastfm,DyGFormer,time2vec,transductive,roc_auc
mooc,DyGFormer,time2vec,inductive,average_precision
mooc,DyGFormer,time2vec,inductive,roc_auc
mooc,DyGFormer,time2vec,transductive,average_precision
mooc,DyGFormer,time2vec,transductive,roc_auc
reddit,DyGFormer,time2vec,inductive,average_precision
reddit,DyGFormer,time2vec,inductive,roc_auc
reddit,DyGFormer,time2vec,transductive,average_precision
reddit,DyGFormer,time2vec,transductive,roc_auc
uci,DyGFormer,time2vec,inductive,average_precision
uci,DyGFormer,time2vec,inductive,roc_auc
uci,DyGFormer,time2vec,transductive,average_precision
uci,DyGFormer,time2vec,transductive,roc_auc
wikipedia,DyGFormer,time2vec,inductive,average_precision
wikipedia,DyGFormer,time2vec,inductive,roc_auc
wikipedia,DyGFormer,time2vec,transductive,average_precision
wikipedia,DyGFormer,time2vec,transductive,roc_auc
CanParl,DyGMamba,time2vec,inductive,average_precision
CanParl,DyGMamba,time2vec,inductive,roc_auc
CanParl,DyGMamba,time2vec,transductive,average_precision
CanParl,DyGMamba,time2vec,transductive,roc_auc
Contacts,DyGMamba,time2vec,inductive,average_precision
Contacts,DyGMamba,time2vec,inductive,roc_auc
Contacts,DyGMamba,time2vec,transductive,average_precision
Contacts,DyGMamba,time2vec,transductive,roc_auc
Flights,DyGMamba,time2vec,inductive,average_precision
Flights,DyGMamba,time2vec,inductive,roc_auc
Flights,DyGMamba,time2vec,transductive,average_precision
Flights,DyGMamba,time2vec,transductive,roc_auc
SocialEvo,DyGMamba,time2vec,inductive,average_precision
SocialEvo,DyGMamba,time2vec,inductive,roc_auc
SocialEvo,DyGMamba,time2vec,transductive,average_precision
SocialEvo,DyGMamba,time2vec,transductive,roc_auc
UNtrade,DyGMamba,time2vec,inductive,average_precision
UNtrade,DyGMamba,time2vec,inductive,roc_auc
UNtrade,DyGMamba,time2vec,transductive,average_precision
UNtrade,DyGMamba,time2vec,transductive,roc_auc
uci,DyGMamba,time2vec,inductive,average_precision
uci,DyGMamba,time2vec,inductive,roc_auc
uci,DyGMamba,time2vec,transductive,average_precision
uci,DyGMamba,time2vec,transductive,roc_auc
Flights,JODIE,time2vec,inductive,average_precision
Flights,JODIE,time2vec,inductive,roc_auc
Flights,JODIE,time2vec,transductive,average_precision
Flights,JODIE,time2vec,transductive,roc_auc
UNtrade,JODIE,time2vec,inductive,average_precision
UNtrade,JODIE,time2vec,inductive,roc_auc
UNtrade,JODIE,time2vec,transductive,average_precision
UNtrade,JODIE,time2vec,transductive,roc_auc
UNvote,JODIE,time2vec,inductive,average_precision
UNvote,JODIE,time2vec,inductive,roc_auc
UNvote,JODIE,time2vec,transductive,average_precision
UNvote,JODIE,time2vec,transductive,roc_auc
USLegis,JODIE,time2vec,inductive,average_precision
USLegis,JODIE,time2vec,inductive,roc_auc
USLegis,JODIE,time2vec,transductive,average_precision
USLegis,JODIE,time2vec,transductive,roc_auc
CanParl,TCL,time2vec,inductive,average_precision
CanParl,TCL,time2vec,inductive,roc_auc
CanParl,TCL,time2vec,transductive,average_precision
CanParl,TCL,time2vec,transductive,roc_auc
Contacts,TCL,time2vec,inductive,average_precision
Contacts,TCL,time2vec,inductive,roc_auc
Contacts,TCL,time2vec,transductive,average_precision
Contacts,TCL,time2vec,transductive,roc_auc
Flights,TCL,time2vec,inductive,average_precision
Flights,TCL,time2vec,inductive,roc_auc
Flights,TCL,time2vec,transductive,average_precision
Flights,TCL,time2vec,transductive,roc_auc
SocialEvo,TCL,time2vec,inductive,average_precision
SocialEvo,TCL,time2vec,inductive,roc_auc
SocialEvo,TCL,time2vec,transductive,average_precision
SocialEvo,TCL,time2vec,transductive,roc_auc
UNtrade,TCL,time2vec,inductive,average_precision
UNtrade,TCL,time2vec,inductive,roc_auc
UNtrade,TCL,time2vec,transductive,average_precision
UNtrade,TCL,time2vec,transductive,roc_auc
UNvote,TCL,time2vec,inductive,average_precision
UNvote,TCL,time2vec,inductive,roc_auc
UNvote,TCL,time2vec,transductive,average_precision
UNvote,TCL,time2vec,transductive,roc_auc
USLegis,TCL,time2vec,inductive,average_precision
USLegis,TCL,time2vec,inductive,roc_auc
USLegis,TCL,time2vec,transductive,average_precision
USLegis,TCL,time2vec,transductive,roc_auc
enron,TCL,time2vec,inductive,average_precision
enron,TCL,time2vec,inductive,roc_auc
enron,TCL,time2vec,transductive,average_precision
enron,TCL,time2vec,transductive,roc_auc
lastfm,TCL,time2vec,inductive,average_precision
lastfm,TCL,time2vec,inductive,roc_auc
lastfm,TCL,time2vec,transductive,average_precision
lastfm,TCL,time2vec,transductive,roc_auc
mooc,TCL,time2vec,inductive,average_precision
mooc,TCL,time2vec,inductive,roc_auc
mooc,TCL,time2vec,transductive,average_precision
mooc,TCL,time2vec,transductive,roc_auc
reddit,TCL,time2vec,inductive,average_precision
reddit,TCL,time2vec,inductive,roc_auc
reddit,TCL,time2vec,transductive,average_precision
reddit,TCL,time2vec,transductive,roc_auc
uci,TCL,time2vec,inductive,average_precision
uci,TCL,time2vec,inductive,roc_auc
uci,TCL,time2vec,transductive,average_precision
uci,TCL,time2vec,transductive,roc_auc
wikipedia,TCL,time2vec,inductive,average_precision
wikipedia,TCL,time2vec,inductive,roc_auc
wikipedia,TCL,time2vec,transductive,average_precision
wikipedia,TCL,time2vec,transductive,roc_auc
CanParl,TGAT,time2vec,inductive,average_precision
CanParl,TGAT,time2vec,inductive,roc_auc
CanParl,TGAT,time2vec,transductive,average_precision
CanParl,TGAT,time2vec,transductive,roc_auc
Contacts,TGAT,time2vec,inductive,average_precision
Contacts,TGAT,time2vec,inductive,roc_auc
Contacts,TGAT,time2vec,transductive,average_precision
Contacts,TGAT,time2vec,transductive,roc_auc
Flights,TGAT,time2vec,inductive,average_precision
Flights,TGAT,time2vec,inductive,roc_auc
Flights,TGAT,time2vec,transductive,average_precision
Flights,TGAT,time2vec,transductive,roc_auc
SocialEvo,TGAT,time2vec,inductive,average_precision
SocialEvo,TGAT,time2vec,inductive,roc_auc
SocialEvo,TGAT,time2vec,transductive,average_precision
SocialEvo,TGAT,time2vec,transductive,roc_auc
UNtrade,TGAT,time2vec,inductive,average_precision
UNtrade,TGAT,time2vec,inductive,roc_auc
UNtrade,TGAT,time2vec,transductive,average_precision
UNtrade,TGAT,time2vec,transductive,roc_auc
UNvote,TGAT,time2vec,inductive,average_precision
UNvote,TGAT,time2vec,inductive,roc_auc
UNvote,TGAT,time2vec,transductive,average_precision
UNvote,TGAT,time2vec,transductive,roc_auc
USLegis,TGAT,time2vec,inductive,average_precision
USLegis,TGAT,time2vec,inductive,roc_auc
USLegis,TGAT,time2vec,transductive,average_precision
USLegis,TGAT,time2vec,transductive,roc_auc
enron,TGAT,time2vec,inductive,average_precision
enron,TGAT,time2vec,inductive,roc_auc
enron,TGAT,time2vec,transductive,average_precision
enron,TGAT,time2vec,transductive,roc_auc
lastfm,TGAT,time2vec,inductive,average_precision
lastfm,TGAT,time2vec,inductive,roc_auc
lastfm,TGAT,time2vec,transductive,average_precision
lastfm,TGAT,time2vec,transductive,roc_auc
uci,TGAT,time2vec,inductive,average_precision
uci,TGAT,time2vec,inductive,roc_auc
uci,TGAT,time2vec,transductive,average_precision
uci,TGAT,time2vec,transductive,roc_auc
Flights,TGN,time2vec,inductive,average_precision
Flights,TGN,time2vec,inductive,roc_auc
Flights,TGN,time2vec,transductive,average_precision
Flights,TGN,time2vec,transductive,roc_auc
SocialEvo,TGN,time2vec,inductive,average_precision
SocialEvo,TGN,time2vec,inductive,roc_auc
SocialEvo,TGN,time2vec,transductive,average_precision
SocialEvo,TGN,time2vec,transductive,roc_auc
wikipedia,TGN,time2vec,inductive,average_precision
wikipedia,TGN,time2vec,inductive,roc_auc
wikipedia,TGN,time2vec,transductive,average_precision
wikipedia,TGN,time2vec,transductive,roc_auc
